TimeQuest Timing Analyzer report for integrador
Tue Aug 04 16:13:40 2026
Quartus II 64-Bit Version 13.1.0 Build 162 10/23/2013 SJ Web Edition


---------------------
; Table of Contents ;
---------------------
  1. Legal Notice
  2. TimeQuest Timing Analyzer Summary
  3. Parallel Compilation
  4. Clocks
  5. Slow 1200mV 85C Model Fmax Summary
  6. Timing Closure Recommendations
  7. Slow 1200mV 85C Model Setup Summary
  8. Slow 1200mV 85C Model Hold Summary
  9. Slow 1200mV 85C Model Recovery Summary
 10. Slow 1200mV 85C Model Removal Summary
 11. Slow 1200mV 85C Model Minimum Pulse Width Summary
 12. Slow 1200mV 85C Model Setup: 'clk'
 13. Slow 1200mV 85C Model Hold: 'clk'
 14. Slow 1200mV 85C Model Minimum Pulse Width: 'clk'
 15. Setup Times
 16. Hold Times
 17. Clock to Output Times
 18. Minimum Clock to Output Times
 19. Propagation Delay
 20. Minimum Propagation Delay
 21. Slow 1200mV 85C Model Metastability Report
 22. Slow 1200mV 0C Model Fmax Summary
 23. Slow 1200mV 0C Model Setup Summary
 24. Slow 1200mV 0C Model Hold Summary
 25. Slow 1200mV 0C Model Recovery Summary
 26. Slow 1200mV 0C Model Removal Summary
 27. Slow 1200mV 0C Model Minimum Pulse Width Summary
 28. Slow 1200mV 0C Model Setup: 'clk'
 29. Slow 1200mV 0C Model Hold: 'clk'
 30. Slow 1200mV 0C Model Minimum Pulse Width: 'clk'
 31. Setup Times
 32. Hold Times
 33. Clock to Output Times
 34. Minimum Clock to Output Times
 35. Propagation Delay
 36. Minimum Propagation Delay
 37. Slow 1200mV 0C Model Metastability Report
 38. Fast 1200mV 0C Model Setup Summary
 39. Fast 1200mV 0C Model Hold Summary
 40. Fast 1200mV 0C Model Recovery Summary
 41. Fast 1200mV 0C Model Removal Summary
 42. Fast 1200mV 0C Model Minimum Pulse Width Summary
 43. Fast 1200mV 0C Model Setup: 'clk'
 44. Fast 1200mV 0C Model Hold: 'clk'
 45. Fast 1200mV 0C Model Minimum Pulse Width: 'clk'
 46. Setup Times
 47. Hold Times
 48. Clock to Output Times
 49. Minimum Clock to Output Times
 50. Propagation Delay
 51. Minimum Propagation Delay
 52. Fast 1200mV 0C Model Metastability Report
 53. Multicorner Timing Analysis Summary
 54. Setup Times
 55. Hold Times
 56. Clock to Output Times
 57. Minimum Clock to Output Times
 58. Propagation Delay
 59. Minimum Propagation Delay
 60. Board Trace Model Assignments
 61. Input Transition Times
 62. Signal Integrity Metrics (Slow 1200mv 0c Model)
 63. Signal Integrity Metrics (Slow 1200mv 85c Model)
 64. Signal Integrity Metrics (Fast 1200mv 0c Model)
 65. Setup Transfers
 66. Hold Transfers
 67. Report TCCS
 68. Report RSKM
 69. Unconstrained Paths
 70. TimeQuest Timing Analyzer Messages



----------------
; Legal Notice ;
----------------
Copyright (C) 1991-2013 Altera Corporation
Your use of Altera Corporation's design tools, logic functions 
and other software and tools, and its AMPP partner logic 
functions, and any output files from any of the foregoing 
(including device programming or simulation files), and any 
associated documentation or information are expressly subject 
to the terms and conditions of the Altera Program License 
Subscription Agreement, Altera MegaCore Function License 
Agreement, or other applicable license agreement, including, 
without limitation, that your use is for the sole purpose of 
programming logic devices manufactured by Altera and sold by 
Altera or its authorized distributors.  Please refer to the 
applicable agreement for further details.



+-------------------------------------------------------------------------+
; TimeQuest Timing Analyzer Summary                                       ;
+--------------------+----------------------------------------------------+
; Quartus II Version ; Version 13.1.0 Build 162 10/23/2013 SJ Web Edition ;
; Revision Name      ; integrador                                         ;
; Device Family      ; Cyclone IV GX                                      ;
; Device Name        ; EP4CGX15BF14C6                                     ;
; Timing Models      ; Final                                              ;
; Delay Model        ; Combined                                           ;
; Rise/Fall Delays   ; Enabled                                            ;
+--------------------+----------------------------------------------------+


Parallel compilation was disabled, but you have multiple processors available. Enable parallel compilation to reduce compilation time.
+-------------------------------------+
; Parallel Compilation                ;
+----------------------------+--------+
; Processors                 ; Number ;
+----------------------------+--------+
; Number detected on machine ; 8      ;
; Maximum allowed            ; 1      ;
+----------------------------+--------+


+---------------------------------------------------------------------------------------------------------------------------------------------------------------------------------+
; Clocks                                                                                                                                                                          ;
+------------+------+--------+------------+-------+-------+------------+-----------+-------------+-------+--------+-----------+------------+----------+--------+--------+---------+
; Clock Name ; Type ; Period ; Frequency  ; Rise  ; Fall  ; Duty Cycle ; Divide by ; Multiply by ; Phase ; Offset ; Edge List ; Edge Shift ; Inverted ; Master ; Source ; Targets ;
+------------+------+--------+------------+-------+-------+------------+-----------+-------------+-------+--------+-----------+------------+----------+--------+--------+---------+
; clk        ; Base ; 1.000  ; 1000.0 MHz ; 0.000 ; 0.500 ;            ;           ;             ;       ;        ;           ;            ;          ;        ;        ; { clk } ;
+------------+------+--------+------------+-------+-------+------------+-----------+-------------+-------+--------+-----------+------------+----------+--------+--------+---------+


+-----------------------------------------------------------------------------------------------------------+
; Slow 1200mV 85C Model Fmax Summary                                                                        ;
+------------+-----------------+------------+---------------------------------------------------------------+
; Fmax       ; Restricted Fmax ; Clock Name ; Note                                                          ;
+------------+-----------------+------------+---------------------------------------------------------------+
; 380.08 MHz ; 250.0 MHz       ; clk        ; limit due to minimum period restriction (max I/O toggle rate) ;
+------------+-----------------+------------+---------------------------------------------------------------+
This panel reports FMAX for every clock in the design, regardless of the user-specified clock periods.  FMAX is only computed for paths where the source and destination registers or ports are driven by the same clock.  Paths of different clocks, including generated clocks, are ignored.  For paths between a clock and its inversion, FMAX is computed as if the rising and falling edges are scaled along with FMAX, such that the duty cycle (in terms of a percentage) is maintained. Altera recommends that you always use clock constraints and other slack reports for sign-off analysis.


----------------------------------
; Timing Closure Recommendations ;
----------------------------------
HTML report is unavailable in plain text report export.


+-------------------------------------+
; Slow 1200mV 85C Model Setup Summary ;
+-------+--------+--------------------+
; Clock ; Slack  ; End Point TNS      ;
+-------+--------+--------------------+
; clk   ; -1.631 ; -10.001            ;
+-------+--------+--------------------+


+------------------------------------+
; Slow 1200mV 85C Model Hold Summary ;
+-------+-------+--------------------+
; Clock ; Slack ; End Point TNS      ;
+-------+-------+--------------------+
; clk   ; 0.600 ; 0.000              ;
+-------+-------+--------------------+


------------------------------------------
; Slow 1200mV 85C Model Recovery Summary ;
------------------------------------------
No paths to report.


-----------------------------------------
; Slow 1200mV 85C Model Removal Summary ;
-----------------------------------------
No paths to report.


+---------------------------------------------------+
; Slow 1200mV 85C Model Minimum Pulse Width Summary ;
+-------+--------+----------------------------------+
; Clock ; Slack  ; End Point TNS                    ;
+-------+--------+----------------------------------+
; clk   ; -3.000 ; -15.000                          ;
+-------+--------+----------------------------------+


+----------------------------------------------------------------------------------------------------------------------------------------------------------------------+
; Slow 1200mV 85C Model Setup: 'clk'                                                                                                                                   ;
+--------+-------------------------------------------+-------------------------------------------+--------------+-------------+--------------+------------+------------+
; Slack  ; From Node                                 ; To Node                                   ; Launch Clock ; Latch Clock ; Relationship ; Clock Skew ; Data Delay ;
+--------+-------------------------------------------+-------------------------------------------+--------------+-------------+--------------+------------+------------+
; -1.631 ; Registro4Bits:REGA|bitRegistro:inst3|inst ; Registro4Bits:REGA|bitRegistro:inst1|inst ; clk          ; clk         ; 1.000        ; -0.064     ; 2.562      ;
; -1.618 ; Registro4Bits:REGA|bitRegistro:inst2|inst ; Registro4Bits:REGA|bitRegistro:inst1|inst ; clk          ; clk         ; 1.000        ; -0.064     ; 2.549      ;
; -1.617 ; Registro4Bits:REGB|bitRegistro:inst3|inst ; Registro4Bits:REGA|bitRegistro:inst1|inst ; clk          ; clk         ; 1.000        ; -0.065     ; 2.547      ;
; -1.484 ; Registro4Bits:REGA|bitRegistro:inst4|inst ; Registro4Bits:REGA|bitRegistro:inst1|inst ; clk          ; clk         ; 1.000        ; -0.064     ; 2.415      ;
; -1.469 ; Registro4Bits:REGA|bitRegistro:inst3|inst ; Registro4Bits:REGA|bitRegistro:inst2|inst ; clk          ; clk         ; 1.000        ; -0.064     ; 2.400      ;
; -1.455 ; Registro4Bits:REGB|bitRegistro:inst3|inst ; Registro4Bits:REGA|bitRegistro:inst2|inst ; clk          ; clk         ; 1.000        ; -0.065     ; 2.385      ;
; -1.450 ; Registro4Bits:REGA|bitRegistro:inst2|inst ; Registro4Bits:REGA|bitRegistro:inst2|inst ; clk          ; clk         ; 1.000        ; -0.064     ; 2.381      ;
; -1.436 ; Registro4Bits:REGA|bitRegistro:inst3|inst ; Registro4Bits:REGF|bitRegistro:inst2|inst ; clk          ; clk         ; 1.000        ; 0.277      ; 2.708      ;
; -1.426 ; Registro4Bits:REGA|bitRegistro:inst1|inst ; Registro4Bits:REGA|bitRegistro:inst2|inst ; clk          ; clk         ; 1.000        ; -0.064     ; 2.357      ;
; -1.423 ; Registro4Bits:REGA|bitRegistro:inst2|inst ; Registro4Bits:REGF|bitRegistro:inst2|inst ; clk          ; clk         ; 1.000        ; 0.277      ; 2.695      ;
; -1.422 ; Registro4Bits:REGB|bitRegistro:inst3|inst ; Registro4Bits:REGF|bitRegistro:inst2|inst ; clk          ; clk         ; 1.000        ; 0.276      ; 2.693      ;
; -1.357 ; Registro4Bits:REGA|bitRegistro:inst3|inst ; Registro4Bits:REGA|bitRegistro:inst4|inst ; clk          ; clk         ; 1.000        ; -0.064     ; 2.288      ;
; -1.344 ; Registro4Bits:REGA|bitRegistro:inst2|inst ; Registro4Bits:REGA|bitRegistro:inst4|inst ; clk          ; clk         ; 1.000        ; -0.064     ; 2.275      ;
; -1.343 ; Registro4Bits:REGB|bitRegistro:inst3|inst ; Registro4Bits:REGA|bitRegistro:inst4|inst ; clk          ; clk         ; 1.000        ; -0.065     ; 2.273      ;
; -1.328 ; Registro4Bits:REGA|bitRegistro:inst1|inst ; Registro4Bits:REGA|bitRegistro:inst1|inst ; clk          ; clk         ; 1.000        ; -0.064     ; 2.259      ;
; -1.300 ; Registro4Bits:REGB|bitRegistro:inst2|inst ; Registro4Bits:REGA|bitRegistro:inst1|inst ; clk          ; clk         ; 1.000        ; -0.065     ; 2.230      ;
; -1.280 ; Registro4Bits:REGB|bitRegistro:inst4|inst ; Registro4Bits:REGA|bitRegistro:inst4|inst ; clk          ; clk         ; 1.000        ; -0.064     ; 2.211      ;
; -1.274 ; Registro4Bits:REGA|bitRegistro:inst4|inst ; Registro4Bits:REGF|bitRegistro:inst2|inst ; clk          ; clk         ; 1.000        ; 0.277      ; 2.546      ;
; -1.183 ; Registro4Bits:REGB|bitRegistro:inst1|inst ; Registro4Bits:REGA|bitRegistro:inst1|inst ; clk          ; clk         ; 1.000        ; -0.065     ; 2.113      ;
; -1.171 ; Registro4Bits:REGB|bitRegistro:inst3|inst ; Registro4Bits:REGA|bitRegistro:inst3|inst ; clk          ; clk         ; 1.000        ; -0.065     ; 2.101      ;
; -1.127 ; Registro4Bits:REGB|bitRegistro:inst2|inst ; Registro4Bits:REGA|bitRegistro:inst2|inst ; clk          ; clk         ; 1.000        ; -0.065     ; 2.057      ;
; -1.122 ; Registro4Bits:REGB|bitRegistro:inst4|inst ; Registro4Bits:REGF|bitRegistro:inst2|inst ; clk          ; clk         ; 1.000        ; 0.277      ; 2.394      ;
; -1.118 ; Registro4Bits:REGA|bitRegistro:inst1|inst ; Registro4Bits:REGF|bitRegistro:inst2|inst ; clk          ; clk         ; 1.000        ; 0.277      ; 2.390      ;
; -1.105 ; Registro4Bits:REGB|bitRegistro:inst2|inst ; Registro4Bits:REGF|bitRegistro:inst2|inst ; clk          ; clk         ; 1.000        ; 0.276      ; 2.376      ;
; -1.031 ; Registro4Bits:REGA|bitRegistro:inst3|inst ; Registro4Bits:REGF|bitRegistro:inst4|inst ; clk          ; clk         ; 1.000        ; -0.064     ; 1.962      ;
; -1.027 ; Registro4Bits:REGA|bitRegistro:inst3|inst ; Registro4Bits:REGF|bitRegistro:inst3|inst ; clk          ; clk         ; 1.000        ; -0.064     ; 1.958      ;
; -1.026 ; Registro4Bits:REGB|bitRegistro:inst2|inst ; Registro4Bits:REGA|bitRegistro:inst4|inst ; clk          ; clk         ; 1.000        ; -0.065     ; 1.956      ;
; -1.018 ; Registro4Bits:REGA|bitRegistro:inst2|inst ; Registro4Bits:REGF|bitRegistro:inst4|inst ; clk          ; clk         ; 1.000        ; -0.064     ; 1.949      ;
; -1.017 ; Registro4Bits:REGB|bitRegistro:inst3|inst ; Registro4Bits:REGF|bitRegistro:inst4|inst ; clk          ; clk         ; 1.000        ; -0.065     ; 1.947      ;
; -1.016 ; Registro4Bits:REGA|bitRegistro:inst1|inst ; Registro4Bits:REGA|bitRegistro:inst4|inst ; clk          ; clk         ; 1.000        ; -0.064     ; 1.947      ;
; -1.014 ; Registro4Bits:REGA|bitRegistro:inst2|inst ; Registro4Bits:REGF|bitRegistro:inst3|inst ; clk          ; clk         ; 1.000        ; -0.064     ; 1.945      ;
; -1.013 ; Registro4Bits:REGB|bitRegistro:inst3|inst ; Registro4Bits:REGF|bitRegistro:inst3|inst ; clk          ; clk         ; 1.000        ; -0.065     ; 1.943      ;
; -1.007 ; Registro4Bits:REGA|bitRegistro:inst3|inst ; Registro4Bits:REGA|bitRegistro:inst3|inst ; clk          ; clk         ; 1.000        ; -0.064     ; 1.938      ;
; -0.981 ; Registro4Bits:REGA|bitRegistro:inst4|inst ; Registro4Bits:REGA|bitRegistro:inst4|inst ; clk          ; clk         ; 1.000        ; -0.064     ; 1.912      ;
; -0.973 ; Registro4Bits:REGB|bitRegistro:inst1|inst ; Registro4Bits:REGF|bitRegistro:inst2|inst ; clk          ; clk         ; 1.000        ; 0.276      ; 2.244      ;
; -0.879 ; Registro4Bits:REGA|bitRegistro:inst3|inst ; Registro4Bits:REGF|bitRegistro:inst1|inst ; clk          ; clk         ; 1.000        ; 0.277      ; 2.151      ;
; -0.866 ; Registro4Bits:REGA|bitRegistro:inst2|inst ; Registro4Bits:REGF|bitRegistro:inst1|inst ; clk          ; clk         ; 1.000        ; 0.277      ; 2.138      ;
; -0.865 ; Registro4Bits:REGB|bitRegistro:inst3|inst ; Registro4Bits:REGF|bitRegistro:inst1|inst ; clk          ; clk         ; 1.000        ; 0.276      ; 2.136      ;
; -0.848 ; Registro4Bits:REGB|bitRegistro:inst1|inst ; Registro4Bits:REGA|bitRegistro:inst4|inst ; clk          ; clk         ; 1.000        ; -0.065     ; 1.778      ;
; -0.810 ; Registro4Bits:REGB|bitRegistro:inst4|inst ; Registro4Bits:REGF|bitRegistro:inst1|inst ; clk          ; clk         ; 1.000        ; 0.277      ; 2.082      ;
; -0.700 ; Registro4Bits:REGB|bitRegistro:inst2|inst ; Registro4Bits:REGF|bitRegistro:inst4|inst ; clk          ; clk         ; 1.000        ; -0.065     ; 1.630      ;
; -0.696 ; Registro4Bits:REGB|bitRegistro:inst2|inst ; Registro4Bits:REGF|bitRegistro:inst3|inst ; clk          ; clk         ; 1.000        ; -0.065     ; 1.626      ;
; -0.690 ; Registro4Bits:REGA|bitRegistro:inst1|inst ; Registro4Bits:REGF|bitRegistro:inst4|inst ; clk          ; clk         ; 1.000        ; -0.064     ; 1.621      ;
; -0.686 ; Registro4Bits:REGA|bitRegistro:inst1|inst ; Registro4Bits:REGF|bitRegistro:inst3|inst ; clk          ; clk         ; 1.000        ; -0.064     ; 1.617      ;
; -0.548 ; Registro4Bits:REGB|bitRegistro:inst2|inst ; Registro4Bits:REGF|bitRegistro:inst1|inst ; clk          ; clk         ; 1.000        ; 0.276      ; 1.819      ;
; -0.545 ; Registro4Bits:REGA|bitRegistro:inst2|inst ; Registro4Bits:REGA|bitRegistro:inst3|inst ; clk          ; clk         ; 1.000        ; -0.064     ; 1.476      ;
; -0.538 ; Registro4Bits:REGB|bitRegistro:inst1|inst ; Registro4Bits:REGF|bitRegistro:inst4|inst ; clk          ; clk         ; 1.000        ; -0.065     ; 1.468      ;
; -0.538 ; Registro4Bits:REGA|bitRegistro:inst1|inst ; Registro4Bits:REGF|bitRegistro:inst1|inst ; clk          ; clk         ; 1.000        ; 0.277      ; 1.810      ;
; -0.529 ; Registro4Bits:REGB|bitRegistro:inst1|inst ; Registro4Bits:REGF|bitRegistro:inst3|inst ; clk          ; clk         ; 1.000        ; -0.065     ; 1.459      ;
; -0.511 ; Registro4Bits:REGA|bitRegistro:inst4|inst ; Registro4Bits:REGF|bitRegistro:inst1|inst ; clk          ; clk         ; 1.000        ; 0.277      ; 1.783      ;
; -0.436 ; Registro4Bits:REGA|bitRegistro:inst4|inst ; Registro4Bits:REGF|bitRegistro:inst4|inst ; clk          ; clk         ; 1.000        ; -0.064     ; 1.367      ;
; -0.433 ; Registro4Bits:REGA|bitRegistro:inst4|inst ; Registro4Bits:REGF|bitRegistro:inst3|inst ; clk          ; clk         ; 1.000        ; -0.064     ; 1.364      ;
; -0.410 ; Registro4Bits:REGB|bitRegistro:inst4|inst ; Registro4Bits:REGF|bitRegistro:inst3|inst ; clk          ; clk         ; 1.000        ; -0.064     ; 1.341      ;
; -0.405 ; Registro4Bits:REGB|bitRegistro:inst4|inst ; Registro4Bits:REGF|bitRegistro:inst4|inst ; clk          ; clk         ; 1.000        ; -0.064     ; 1.336      ;
; -0.378 ; Registro4Bits:REGB|bitRegistro:inst1|inst ; Registro4Bits:REGF|bitRegistro:inst1|inst ; clk          ; clk         ; 1.000        ; 0.276      ; 1.649      ;
+--------+-------------------------------------------+-------------------------------------------+--------------+-------------+--------------+------------+------------+


+---------------------------------------------------------------------------------------------------------------------------------------------------------------------+
; Slow 1200mV 85C Model Hold: 'clk'                                                                                                                                   ;
+-------+-------------------------------------------+-------------------------------------------+--------------+-------------+--------------+------------+------------+
; Slack ; From Node                                 ; To Node                                   ; Launch Clock ; Latch Clock ; Relationship ; Clock Skew ; Data Delay ;
+-------+-------------------------------------------+-------------------------------------------+--------------+-------------+--------------+------------+------------+
; 0.600 ; Registro4Bits:REGB|bitRegistro:inst4|inst ; Registro4Bits:REGF|bitRegistro:inst1|inst ; clk          ; clk         ; 0.000        ; 0.420      ; 1.177      ;
; 0.678 ; Registro4Bits:REGA|bitRegistro:inst4|inst ; Registro4Bits:REGF|bitRegistro:inst1|inst ; clk          ; clk         ; 0.000        ; 0.420      ; 1.255      ;
; 0.833 ; Registro4Bits:REGA|bitRegistro:inst4|inst ; Registro4Bits:REGA|bitRegistro:inst4|inst ; clk          ; clk         ; 0.000        ; 0.064      ; 1.054      ;
; 0.852 ; Registro4Bits:REGB|bitRegistro:inst1|inst ; Registro4Bits:REGF|bitRegistro:inst1|inst ; clk          ; clk         ; 0.000        ; 0.420      ; 1.429      ;
; 0.891 ; Registro4Bits:REGB|bitRegistro:inst4|inst ; Registro4Bits:REGF|bitRegistro:inst2|inst ; clk          ; clk         ; 0.000        ; 0.420      ; 1.468      ;
; 0.941 ; Registro4Bits:REGB|bitRegistro:inst4|inst ; Registro4Bits:REGF|bitRegistro:inst4|inst ; clk          ; clk         ; 0.000        ; 0.065      ; 1.163      ;
; 0.945 ; Registro4Bits:REGB|bitRegistro:inst4|inst ; Registro4Bits:REGF|bitRegistro:inst3|inst ; clk          ; clk         ; 0.000        ; 0.065      ; 1.167      ;
; 0.956 ; Registro4Bits:REGA|bitRegistro:inst4|inst ; Registro4Bits:REGF|bitRegistro:inst3|inst ; clk          ; clk         ; 0.000        ; 0.065      ; 1.178      ;
; 0.962 ; Registro4Bits:REGB|bitRegistro:inst4|inst ; Registro4Bits:REGA|bitRegistro:inst4|inst ; clk          ; clk         ; 0.000        ; 0.064      ; 1.183      ;
; 0.980 ; Registro4Bits:REGA|bitRegistro:inst4|inst ; Registro4Bits:REGF|bitRegistro:inst4|inst ; clk          ; clk         ; 0.000        ; 0.065      ; 1.202      ;
; 0.987 ; Registro4Bits:REGA|bitRegistro:inst4|inst ; Registro4Bits:REGF|bitRegistro:inst2|inst ; clk          ; clk         ; 0.000        ; 0.420      ; 1.564      ;
; 1.025 ; Registro4Bits:REGA|bitRegistro:inst3|inst ; Registro4Bits:REGA|bitRegistro:inst3|inst ; clk          ; clk         ; 0.000        ; 0.064      ; 1.246      ;
; 1.035 ; Registro4Bits:REGB|bitRegistro:inst1|inst ; Registro4Bits:REGF|bitRegistro:inst4|inst ; clk          ; clk         ; 0.000        ; 0.065      ; 1.257      ;
; 1.036 ; Registro4Bits:REGB|bitRegistro:inst1|inst ; Registro4Bits:REGF|bitRegistro:inst3|inst ; clk          ; clk         ; 0.000        ; 0.065      ; 1.258      ;
; 1.060 ; Registro4Bits:REGB|bitRegistro:inst2|inst ; Registro4Bits:REGF|bitRegistro:inst1|inst ; clk          ; clk         ; 0.000        ; 0.420      ; 1.637      ;
; 1.085 ; Registro4Bits:REGA|bitRegistro:inst3|inst ; Registro4Bits:REGF|bitRegistro:inst2|inst ; clk          ; clk         ; 0.000        ; 0.420      ; 1.662      ;
; 1.093 ; Registro4Bits:REGA|bitRegistro:inst1|inst ; Registro4Bits:REGF|bitRegistro:inst1|inst ; clk          ; clk         ; 0.000        ; 0.420      ; 1.670      ;
; 1.101 ; Registro4Bits:REGA|bitRegistro:inst2|inst ; Registro4Bits:REGA|bitRegistro:inst3|inst ; clk          ; clk         ; 0.000        ; 0.064      ; 1.322      ;
; 1.119 ; Registro4Bits:REGB|bitRegistro:inst1|inst ; Registro4Bits:REGF|bitRegistro:inst2|inst ; clk          ; clk         ; 0.000        ; 0.420      ; 1.696      ;
; 1.145 ; Registro4Bits:REGB|bitRegistro:inst2|inst ; Registro4Bits:REGF|bitRegistro:inst2|inst ; clk          ; clk         ; 0.000        ; 0.420      ; 1.722      ;
; 1.161 ; Registro4Bits:REGA|bitRegistro:inst2|inst ; Registro4Bits:REGF|bitRegistro:inst2|inst ; clk          ; clk         ; 0.000        ; 0.420      ; 1.738      ;
; 1.238 ; Registro4Bits:REGB|bitRegistro:inst2|inst ; Registro4Bits:REGF|bitRegistro:inst3|inst ; clk          ; clk         ; 0.000        ; 0.065      ; 1.460      ;
; 1.240 ; Registro4Bits:REGB|bitRegistro:inst2|inst ; Registro4Bits:REGF|bitRegistro:inst4|inst ; clk          ; clk         ; 0.000        ; 0.065      ; 1.462      ;
; 1.276 ; Registro4Bits:REGA|bitRegistro:inst1|inst ; Registro4Bits:REGF|bitRegistro:inst4|inst ; clk          ; clk         ; 0.000        ; 0.065      ; 1.498      ;
; 1.277 ; Registro4Bits:REGA|bitRegistro:inst1|inst ; Registro4Bits:REGF|bitRegistro:inst3|inst ; clk          ; clk         ; 0.000        ; 0.065      ; 1.499      ;
; 1.279 ; Registro4Bits:REGA|bitRegistro:inst1|inst ; Registro4Bits:REGF|bitRegistro:inst2|inst ; clk          ; clk         ; 0.000        ; 0.420      ; 1.856      ;
; 1.308 ; Registro4Bits:REGA|bitRegistro:inst2|inst ; Registro4Bits:REGF|bitRegistro:inst1|inst ; clk          ; clk         ; 0.000        ; 0.420      ; 1.885      ;
; 1.333 ; Registro4Bits:REGB|bitRegistro:inst1|inst ; Registro4Bits:REGA|bitRegistro:inst4|inst ; clk          ; clk         ; 0.000        ; 0.064      ; 1.554      ;
; 1.343 ; Registro4Bits:REGB|bitRegistro:inst1|inst ; Registro4Bits:REGA|bitRegistro:inst1|inst ; clk          ; clk         ; 0.000        ; 0.064      ; 1.564      ;
; 1.363 ; Registro4Bits:REGB|bitRegistro:inst3|inst ; Registro4Bits:REGF|bitRegistro:inst1|inst ; clk          ; clk         ; 0.000        ; 0.420      ; 1.940      ;
; 1.367 ; Registro4Bits:REGB|bitRegistro:inst3|inst ; Registro4Bits:REGA|bitRegistro:inst3|inst ; clk          ; clk         ; 0.000        ; 0.064      ; 1.588      ;
; 1.419 ; Registro4Bits:REGA|bitRegistro:inst3|inst ; Registro4Bits:REGF|bitRegistro:inst1|inst ; clk          ; clk         ; 0.000        ; 0.420      ; 1.996      ;
; 1.427 ; Registro4Bits:REGB|bitRegistro:inst3|inst ; Registro4Bits:REGF|bitRegistro:inst2|inst ; clk          ; clk         ; 0.000        ; 0.420      ; 2.004      ;
; 1.491 ; Registro4Bits:REGA|bitRegistro:inst2|inst ; Registro4Bits:REGF|bitRegistro:inst4|inst ; clk          ; clk         ; 0.000        ; 0.065      ; 1.713      ;
; 1.492 ; Registro4Bits:REGA|bitRegistro:inst2|inst ; Registro4Bits:REGF|bitRegistro:inst3|inst ; clk          ; clk         ; 0.000        ; 0.065      ; 1.714      ;
; 1.499 ; Registro4Bits:REGA|bitRegistro:inst1|inst ; Registro4Bits:REGA|bitRegistro:inst1|inst ; clk          ; clk         ; 0.000        ; 0.064      ; 1.720      ;
; 1.541 ; Registro4Bits:REGB|bitRegistro:inst2|inst ; Registro4Bits:REGA|bitRegistro:inst2|inst ; clk          ; clk         ; 0.000        ; 0.064      ; 1.762      ;
; 1.541 ; Registro4Bits:REGB|bitRegistro:inst2|inst ; Registro4Bits:REGA|bitRegistro:inst4|inst ; clk          ; clk         ; 0.000        ; 0.064      ; 1.762      ;
; 1.546 ; Registro4Bits:REGB|bitRegistro:inst3|inst ; Registro4Bits:REGF|bitRegistro:inst4|inst ; clk          ; clk         ; 0.000        ; 0.065      ; 1.768      ;
; 1.547 ; Registro4Bits:REGB|bitRegistro:inst3|inst ; Registro4Bits:REGF|bitRegistro:inst3|inst ; clk          ; clk         ; 0.000        ; 0.065      ; 1.769      ;
; 1.574 ; Registro4Bits:REGA|bitRegistro:inst1|inst ; Registro4Bits:REGA|bitRegistro:inst4|inst ; clk          ; clk         ; 0.000        ; 0.064      ; 1.795      ;
; 1.602 ; Registro4Bits:REGA|bitRegistro:inst3|inst ; Registro4Bits:REGF|bitRegistro:inst4|inst ; clk          ; clk         ; 0.000        ; 0.065      ; 1.824      ;
; 1.603 ; Registro4Bits:REGA|bitRegistro:inst3|inst ; Registro4Bits:REGF|bitRegistro:inst3|inst ; clk          ; clk         ; 0.000        ; 0.065      ; 1.825      ;
; 1.654 ; Registro4Bits:REGA|bitRegistro:inst2|inst ; Registro4Bits:REGA|bitRegistro:inst2|inst ; clk          ; clk         ; 0.000        ; 0.064      ; 1.875      ;
; 1.789 ; Registro4Bits:REGA|bitRegistro:inst2|inst ; Registro4Bits:REGA|bitRegistro:inst4|inst ; clk          ; clk         ; 0.000        ; 0.064      ; 2.010      ;
; 1.814 ; Registro4Bits:REGB|bitRegistro:inst2|inst ; Registro4Bits:REGA|bitRegistro:inst1|inst ; clk          ; clk         ; 0.000        ; 0.064      ; 2.035      ;
; 1.832 ; Registro4Bits:REGA|bitRegistro:inst1|inst ; Registro4Bits:REGA|bitRegistro:inst2|inst ; clk          ; clk         ; 0.000        ; 0.064      ; 2.053      ;
; 1.844 ; Registro4Bits:REGB|bitRegistro:inst3|inst ; Registro4Bits:REGA|bitRegistro:inst4|inst ; clk          ; clk         ; 0.000        ; 0.064      ; 2.065      ;
; 1.900 ; Registro4Bits:REGA|bitRegistro:inst3|inst ; Registro4Bits:REGA|bitRegistro:inst4|inst ; clk          ; clk         ; 0.000        ; 0.064      ; 2.121      ;
; 1.947 ; Registro4Bits:REGA|bitRegistro:inst4|inst ; Registro4Bits:REGA|bitRegistro:inst1|inst ; clk          ; clk         ; 0.000        ; 0.064      ; 2.168      ;
; 1.957 ; Registro4Bits:REGB|bitRegistro:inst3|inst ; Registro4Bits:REGA|bitRegistro:inst2|inst ; clk          ; clk         ; 0.000        ; 0.064      ; 2.178      ;
; 2.013 ; Registro4Bits:REGA|bitRegistro:inst3|inst ; Registro4Bits:REGA|bitRegistro:inst2|inst ; clk          ; clk         ; 0.000        ; 0.064      ; 2.234      ;
; 2.062 ; Registro4Bits:REGA|bitRegistro:inst2|inst ; Registro4Bits:REGA|bitRegistro:inst1|inst ; clk          ; clk         ; 0.000        ; 0.064      ; 2.283      ;
; 2.117 ; Registro4Bits:REGB|bitRegistro:inst3|inst ; Registro4Bits:REGA|bitRegistro:inst1|inst ; clk          ; clk         ; 0.000        ; 0.064      ; 2.338      ;
; 2.173 ; Registro4Bits:REGA|bitRegistro:inst3|inst ; Registro4Bits:REGA|bitRegistro:inst1|inst ; clk          ; clk         ; 0.000        ; 0.064      ; 2.394      ;
+-------+-------------------------------------------+-------------------------------------------+--------------+-------------+--------------+------------+------------+


+----------------------------------------------------------------------------------------------------------------------------+
; Slow 1200mV 85C Model Minimum Pulse Width: 'clk'                                                                           ;
+--------+--------------+----------------+------------------+-------+------------+-------------------------------------------+
; Slack  ; Actual Width ; Required Width ; Type             ; Clock ; Clock Edge ; Target                                    ;
+--------+--------------+----------------+------------------+-------+------------+-------------------------------------------+
; -3.000 ; 1.000        ; 4.000          ; Port Rate        ; clk   ; Rise       ; clk                                       ;
; -1.000 ; 1.000        ; 2.000          ; Min Period       ; clk   ; Rise       ; Registro4Bits:REGA|bitRegistro:inst1|inst ;
; -1.000 ; 1.000        ; 2.000          ; Min Period       ; clk   ; Rise       ; Registro4Bits:REGA|bitRegistro:inst2|inst ;
; -1.000 ; 1.000        ; 2.000          ; Min Period       ; clk   ; Rise       ; Registro4Bits:REGA|bitRegistro:inst3|inst ;
; -1.000 ; 1.000        ; 2.000          ; Min Period       ; clk   ; Rise       ; Registro4Bits:REGA|bitRegistro:inst4|inst ;
; -1.000 ; 1.000        ; 2.000          ; Min Period       ; clk   ; Rise       ; Registro4Bits:REGB|bitRegistro:inst1|inst ;
; -1.000 ; 1.000        ; 2.000          ; Min Period       ; clk   ; Rise       ; Registro4Bits:REGB|bitRegistro:inst2|inst ;
; -1.000 ; 1.000        ; 2.000          ; Min Period       ; clk   ; Rise       ; Registro4Bits:REGB|bitRegistro:inst3|inst ;
; -1.000 ; 1.000        ; 2.000          ; Min Period       ; clk   ; Rise       ; Registro4Bits:REGB|bitRegistro:inst4|inst ;
; -1.000 ; 1.000        ; 2.000          ; Min Period       ; clk   ; Rise       ; Registro4Bits:REGF|bitRegistro:inst1|inst ;
; -1.000 ; 1.000        ; 2.000          ; Min Period       ; clk   ; Rise       ; Registro4Bits:REGF|bitRegistro:inst2|inst ;
; -1.000 ; 1.000        ; 2.000          ; Min Period       ; clk   ; Rise       ; Registro4Bits:REGF|bitRegistro:inst3|inst ;
; -1.000 ; 1.000        ; 2.000          ; Min Period       ; clk   ; Rise       ; Registro4Bits:REGF|bitRegistro:inst4|inst ;
; 0.190  ; 0.374        ; 0.184          ; Low Pulse Width  ; clk   ; Rise       ; Registro4Bits:REGF|bitRegistro:inst1|inst ;
; 0.190  ; 0.374        ; 0.184          ; Low Pulse Width  ; clk   ; Rise       ; Registro4Bits:REGF|bitRegistro:inst2|inst ;
; 0.210  ; 0.394        ; 0.184          ; Low Pulse Width  ; clk   ; Rise       ; Registro4Bits:REGA|bitRegistro:inst1|inst ;
; 0.210  ; 0.394        ; 0.184          ; Low Pulse Width  ; clk   ; Rise       ; Registro4Bits:REGA|bitRegistro:inst2|inst ;
; 0.210  ; 0.394        ; 0.184          ; Low Pulse Width  ; clk   ; Rise       ; Registro4Bits:REGA|bitRegistro:inst3|inst ;
; 0.210  ; 0.394        ; 0.184          ; Low Pulse Width  ; clk   ; Rise       ; Registro4Bits:REGA|bitRegistro:inst4|inst ;
; 0.210  ; 0.394        ; 0.184          ; Low Pulse Width  ; clk   ; Rise       ; Registro4Bits:REGB|bitRegistro:inst1|inst ;
; 0.210  ; 0.394        ; 0.184          ; Low Pulse Width  ; clk   ; Rise       ; Registro4Bits:REGB|bitRegistro:inst2|inst ;
; 0.210  ; 0.394        ; 0.184          ; Low Pulse Width  ; clk   ; Rise       ; Registro4Bits:REGB|bitRegistro:inst3|inst ;
; 0.210  ; 0.394        ; 0.184          ; Low Pulse Width  ; clk   ; Rise       ; Registro4Bits:REGB|bitRegistro:inst4|inst ;
; 0.210  ; 0.394        ; 0.184          ; Low Pulse Width  ; clk   ; Rise       ; Registro4Bits:REGF|bitRegistro:inst3|inst ;
; 0.210  ; 0.394        ; 0.184          ; Low Pulse Width  ; clk   ; Rise       ; Registro4Bits:REGF|bitRegistro:inst4|inst ;
; 0.326  ; 0.326        ; 0.000          ; Low Pulse Width  ; clk   ; Rise       ; clk~input|o                               ;
; 0.337  ; 0.337        ; 0.000          ; Low Pulse Width  ; clk   ; Rise       ; clk~inputclkctrl|inclk[0]                 ;
; 0.337  ; 0.337        ; 0.000          ; Low Pulse Width  ; clk   ; Rise       ; clk~inputclkctrl|outclk                   ;
; 0.351  ; 0.351        ; 0.000          ; Low Pulse Width  ; clk   ; Rise       ; REGF|inst1|inst|clk                       ;
; 0.351  ; 0.351        ; 0.000          ; Low Pulse Width  ; clk   ; Rise       ; REGF|inst2|inst|clk                       ;
; 0.370  ; 0.370        ; 0.000          ; Low Pulse Width  ; clk   ; Rise       ; REGA|inst1|inst|clk                       ;
; 0.370  ; 0.370        ; 0.000          ; Low Pulse Width  ; clk   ; Rise       ; REGA|inst2|inst|clk                       ;
; 0.370  ; 0.370        ; 0.000          ; Low Pulse Width  ; clk   ; Rise       ; REGA|inst3|inst|clk                       ;
; 0.370  ; 0.370        ; 0.000          ; Low Pulse Width  ; clk   ; Rise       ; REGA|inst4|inst|clk                       ;
; 0.370  ; 0.370        ; 0.000          ; Low Pulse Width  ; clk   ; Rise       ; REGB|inst1|inst|clk                       ;
; 0.370  ; 0.370        ; 0.000          ; Low Pulse Width  ; clk   ; Rise       ; REGB|inst2|inst|clk                       ;
; 0.370  ; 0.370        ; 0.000          ; Low Pulse Width  ; clk   ; Rise       ; REGB|inst3|inst|clk                       ;
; 0.370  ; 0.370        ; 0.000          ; Low Pulse Width  ; clk   ; Rise       ; REGB|inst4|inst|clk                       ;
; 0.370  ; 0.370        ; 0.000          ; Low Pulse Width  ; clk   ; Rise       ; REGF|inst3|inst|clk                       ;
; 0.370  ; 0.370        ; 0.000          ; Low Pulse Width  ; clk   ; Rise       ; REGF|inst4|inst|clk                       ;
; 0.389  ; 0.605        ; 0.216          ; High Pulse Width ; clk   ; Rise       ; Registro4Bits:REGB|bitRegistro:inst1|inst ;
; 0.389  ; 0.605        ; 0.216          ; High Pulse Width ; clk   ; Rise       ; Registro4Bits:REGB|bitRegistro:inst2|inst ;
; 0.389  ; 0.605        ; 0.216          ; High Pulse Width ; clk   ; Rise       ; Registro4Bits:REGB|bitRegistro:inst3|inst ;
; 0.389  ; 0.605        ; 0.216          ; High Pulse Width ; clk   ; Rise       ; Registro4Bits:REGF|bitRegistro:inst3|inst ;
; 0.389  ; 0.605        ; 0.216          ; High Pulse Width ; clk   ; Rise       ; Registro4Bits:REGF|bitRegistro:inst4|inst ;
; 0.390  ; 0.606        ; 0.216          ; High Pulse Width ; clk   ; Rise       ; Registro4Bits:REGA|bitRegistro:inst1|inst ;
; 0.390  ; 0.606        ; 0.216          ; High Pulse Width ; clk   ; Rise       ; Registro4Bits:REGA|bitRegistro:inst2|inst ;
; 0.390  ; 0.606        ; 0.216          ; High Pulse Width ; clk   ; Rise       ; Registro4Bits:REGA|bitRegistro:inst3|inst ;
; 0.390  ; 0.606        ; 0.216          ; High Pulse Width ; clk   ; Rise       ; Registro4Bits:REGA|bitRegistro:inst4|inst ;
; 0.390  ; 0.606        ; 0.216          ; High Pulse Width ; clk   ; Rise       ; Registro4Bits:REGB|bitRegistro:inst4|inst ;
; 0.409  ; 0.625        ; 0.216          ; High Pulse Width ; clk   ; Rise       ; Registro4Bits:REGF|bitRegistro:inst1|inst ;
; 0.409  ; 0.625        ; 0.216          ; High Pulse Width ; clk   ; Rise       ; Registro4Bits:REGF|bitRegistro:inst2|inst ;
; 0.500  ; 0.500        ; 0.000          ; High Pulse Width ; clk   ; Rise       ; clk~input|i                               ;
; 0.500  ; 0.500        ; 0.000          ; Low Pulse Width  ; clk   ; Rise       ; clk~input|i                               ;
; 0.627  ; 0.627        ; 0.000          ; High Pulse Width ; clk   ; Rise       ; REGB|inst1|inst|clk                       ;
; 0.627  ; 0.627        ; 0.000          ; High Pulse Width ; clk   ; Rise       ; REGB|inst2|inst|clk                       ;
; 0.627  ; 0.627        ; 0.000          ; High Pulse Width ; clk   ; Rise       ; REGB|inst3|inst|clk                       ;
; 0.627  ; 0.627        ; 0.000          ; High Pulse Width ; clk   ; Rise       ; REGF|inst3|inst|clk                       ;
; 0.627  ; 0.627        ; 0.000          ; High Pulse Width ; clk   ; Rise       ; REGF|inst4|inst|clk                       ;
; 0.628  ; 0.628        ; 0.000          ; High Pulse Width ; clk   ; Rise       ; REGA|inst1|inst|clk                       ;
; 0.628  ; 0.628        ; 0.000          ; High Pulse Width ; clk   ; Rise       ; REGA|inst2|inst|clk                       ;
; 0.628  ; 0.628        ; 0.000          ; High Pulse Width ; clk   ; Rise       ; REGA|inst3|inst|clk                       ;
; 0.628  ; 0.628        ; 0.000          ; High Pulse Width ; clk   ; Rise       ; REGA|inst4|inst|clk                       ;
; 0.628  ; 0.628        ; 0.000          ; High Pulse Width ; clk   ; Rise       ; REGB|inst4|inst|clk                       ;
; 0.648  ; 0.648        ; 0.000          ; High Pulse Width ; clk   ; Rise       ; REGF|inst1|inst|clk                       ;
; 0.648  ; 0.648        ; 0.000          ; High Pulse Width ; clk   ; Rise       ; REGF|inst2|inst|clk                       ;
; 0.662  ; 0.662        ; 0.000          ; High Pulse Width ; clk   ; Rise       ; clk~inputclkctrl|inclk[0]                 ;
; 0.662  ; 0.662        ; 0.000          ; High Pulse Width ; clk   ; Rise       ; clk~inputclkctrl|outclk                   ;
; 0.674  ; 0.674        ; 0.000          ; High Pulse Width ; clk   ; Rise       ; clk~input|o                               ;
+--------+--------------+----------------+------------------+-------+------------+-------------------------------------------+


+------------------------------------------------------------------------+
; Setup Times                                                            ;
+------------+------------+-------+-------+------------+-----------------+
; Data Port  ; Clock Port ; Rise  ; Fall  ; Clock Edge ; Clock Reference ;
+------------+------------+-------+-------+------------+-----------------+
; A[*]       ; clk        ; 2.628 ; 3.113 ; Rise       ; clk             ;
;  A[0]      ; clk        ; 1.628 ; 2.060 ; Rise       ; clk             ;
;  A[1]      ; clk        ; 2.141 ; 2.608 ; Rise       ; clk             ;
;  A[2]      ; clk        ; 1.924 ; 2.358 ; Rise       ; clk             ;
;  A[3]      ; clk        ; 2.628 ; 3.113 ; Rise       ; clk             ;
; B[*]       ; clk        ; 2.127 ; 2.556 ; Rise       ; clk             ;
;  B[0]      ; clk        ; 1.975 ; 2.408 ; Rise       ; clk             ;
;  B[1]      ; clk        ; 1.639 ; 2.072 ; Rise       ; clk             ;
;  B[2]      ; clk        ; 2.127 ; 2.556 ; Rise       ; clk             ;
;  B[3]      ; clk        ; 2.015 ; 2.447 ; Rise       ; clk             ;
; ExtLOADA   ; clk        ; 1.548 ; 1.568 ; Rise       ; clk             ;
; LOADB      ; clk        ; 1.998 ; 2.416 ; Rise       ; clk             ;
; OPCODE[*]  ; clk        ; 4.179 ; 4.652 ; Rise       ; clk             ;
;  OPCODE[0] ; clk        ; 3.999 ; 4.494 ; Rise       ; clk             ;
;  OPCODE[1] ; clk        ; 4.179 ; 4.652 ; Rise       ; clk             ;
;  OPCODE[2] ; clk        ; 2.746 ; 2.894 ; Rise       ; clk             ;
+------------+------------+-------+-------+------------+-----------------+


+--------------------------------------------------------------------------+
; Hold Times                                                               ;
+------------+------------+--------+--------+------------+-----------------+
; Data Port  ; Clock Port ; Rise   ; Fall   ; Clock Edge ; Clock Reference ;
+------------+------------+--------+--------+------------+-----------------+
; A[*]       ; clk        ; -1.240 ; -1.652 ; Rise       ; clk             ;
;  A[0]      ; clk        ; -1.240 ; -1.652 ; Rise       ; clk             ;
;  A[1]      ; clk        ; -1.735 ; -2.179 ; Rise       ; clk             ;
;  A[2]      ; clk        ; -1.523 ; -1.938 ; Rise       ; clk             ;
;  A[3]      ; clk        ; -2.148 ; -2.597 ; Rise       ; clk             ;
; B[*]       ; clk        ; -1.261 ; -1.684 ; Rise       ; clk             ;
;  B[0]      ; clk        ; -1.585 ; -2.008 ; Rise       ; clk             ;
;  B[1]      ; clk        ; -1.261 ; -1.684 ; Rise       ; clk             ;
;  B[2]      ; clk        ; -1.735 ; -2.150 ; Rise       ; clk             ;
;  B[3]      ; clk        ; -1.625 ; -2.046 ; Rise       ; clk             ;
; ExtLOADA   ; clk        ; -0.295 ; -0.332 ; Rise       ; clk             ;
; LOADB      ; clk        ; -1.696 ; -2.102 ; Rise       ; clk             ;
; OPCODE[*]  ; clk        ; -0.173 ; -0.212 ; Rise       ; clk             ;
;  OPCODE[0] ; clk        ; -1.948 ; -2.391 ; Rise       ; clk             ;
;  OPCODE[1] ; clk        ; -1.932 ; -2.356 ; Rise       ; clk             ;
;  OPCODE[2] ; clk        ; -0.173 ; -0.212 ; Rise       ; clk             ;
+------------+------------+--------+--------+------------+-----------------+


+-----------------------------------------------------------------------+
; Clock to Output Times                                                 ;
+-----------+------------+-------+-------+------------+-----------------+
; Data Port ; Clock Port ; Rise  ; Fall  ; Clock Edge ; Clock Reference ;
+-----------+------------+-------+-------+------------+-----------------+
; FLAGS[*]  ; clk        ; 6.513 ; 6.438 ; Rise       ; clk             ;
;  FLAGS[0] ; clk        ; 6.318 ; 6.276 ; Rise       ; clk             ;
;  FLAGS[1] ; clk        ; 6.513 ; 6.438 ; Rise       ; clk             ;
;  FLAGS[2] ; clk        ; 6.445 ; 6.402 ; Rise       ; clk             ;
;  FLAGS[3] ; clk        ; 6.089 ; 6.041 ; Rise       ; clk             ;
; S[*]      ; clk        ; 6.761 ; 6.755 ; Rise       ; clk             ;
;  S[0]     ; clk        ; 6.129 ; 6.088 ; Rise       ; clk             ;
;  S[1]     ; clk        ; 6.761 ; 6.755 ; Rise       ; clk             ;
;  S[2]     ; clk        ; 6.228 ; 6.166 ; Rise       ; clk             ;
;  S[3]     ; clk        ; 6.139 ; 6.105 ; Rise       ; clk             ;
+-----------+------------+-------+-------+------------+-----------------+


+-----------------------------------------------------------------------+
; Minimum Clock to Output Times                                         ;
+-----------+------------+-------+-------+------------+-----------------+
; Data Port ; Clock Port ; Rise  ; Fall  ; Clock Edge ; Clock Reference ;
+-----------+------------+-------+-------+------------+-----------------+
; FLAGS[*]  ; clk        ; 5.891 ; 5.842 ; Rise       ; clk             ;
;  FLAGS[0] ; clk        ; 6.111 ; 6.068 ; Rise       ; clk             ;
;  FLAGS[1] ; clk        ; 6.300 ; 6.224 ; Rise       ; clk             ;
;  FLAGS[2] ; clk        ; 6.233 ; 6.189 ; Rise       ; clk             ;
;  FLAGS[3] ; clk        ; 5.891 ; 5.842 ; Rise       ; clk             ;
; S[*]      ; clk        ; 5.930 ; 5.888 ; Rise       ; clk             ;
;  S[0]     ; clk        ; 5.930 ; 5.888 ; Rise       ; clk             ;
;  S[1]     ; clk        ; 6.569 ; 6.562 ; Rise       ; clk             ;
;  S[2]     ; clk        ; 6.029 ; 5.965 ; Rise       ; clk             ;
;  S[3]     ; clk        ; 5.940 ; 5.904 ; Rise       ; clk             ;
+-----------+------------+-------+-------+------------+-----------------+


+----------------------------------------------------------+
; Propagation Delay                                        ;
+------------+-------------+-------+-------+-------+-------+
; Input Port ; Output Port ; RR    ; RF    ; FR    ; FF    ;
+------------+-------------+-------+-------+-------+-------+
; ExtLOADA   ; LOAD_A      ; 6.524 ;       ;       ; 6.460 ;
; OPCODE[0]  ; LOAD_A      ; 7.851 ; 7.738 ; 8.311 ; 8.189 ;
; OPCODE[1]  ; LOAD_A      ; 7.867 ; 7.719 ; 8.256 ; 8.202 ;
; OPCODE[2]  ; LOAD_A      ; 6.507 ;       ;       ; 6.473 ;
+------------+-------------+-------+-------+-------+-------+


+----------------------------------------------------------+
; Minimum Propagation Delay                                ;
+------------+-------------+-------+-------+-------+-------+
; Input Port ; Output Port ; RR    ; RF    ; FR    ; FF    ;
+------------+-------------+-------+-------+-------+-------+
; ExtLOADA   ; LOAD_A      ; 6.257 ;       ;       ; 6.222 ;
; OPCODE[0]  ; LOAD_A      ; 7.591 ; 7.478 ; 8.037 ; 7.915 ;
; OPCODE[1]  ; LOAD_A      ; 7.604 ; 7.457 ; 7.984 ; 7.927 ;
; OPCODE[2]  ; LOAD_A      ; 6.302 ;       ;       ; 6.274 ;
+------------+-------------+-------+-------+-------+-------+


----------------------------------------------
; Slow 1200mV 85C Model Metastability Report ;
----------------------------------------------
No synchronizer chains to report.


+----------------------------------------------------------------------------------------------------------+
; Slow 1200mV 0C Model Fmax Summary                                                                        ;
+-----------+-----------------+------------+---------------------------------------------------------------+
; Fmax      ; Restricted Fmax ; Clock Name ; Note                                                          ;
+-----------+-----------------+------------+---------------------------------------------------------------+
; 420.7 MHz ; 250.0 MHz       ; clk        ; limit due to minimum period restriction (max I/O toggle rate) ;
+-----------+-----------------+------------+---------------------------------------------------------------+
This panel reports FMAX for every clock in the design, regardless of the user-specified clock periods.  FMAX is only computed for paths where the source and destination registers or ports are driven by the same clock.  Paths of different clocks, including generated clocks, are ignored.  For paths between a clock and its inversion, FMAX is computed as if the rising and falling edges are scaled along with FMAX, such that the duty cycle (in terms of a percentage) is maintained. Altera recommends that you always use clock constraints and other slack reports for sign-off analysis.


+------------------------------------+
; Slow 1200mV 0C Model Setup Summary ;
+-------+--------+-------------------+
; Clock ; Slack  ; End Point TNS     ;
+-------+--------+-------------------+
; clk   ; -1.377 ; -8.141            ;
+-------+--------+-------------------+


+-----------------------------------+
; Slow 1200mV 0C Model Hold Summary ;
+-------+-------+-------------------+
; Clock ; Slack ; End Point TNS     ;
+-------+-------+-------------------+
; clk   ; 0.547 ; 0.000             ;
+-------+-------+-------------------+


-----------------------------------------
; Slow 1200mV 0C Model Recovery Summary ;
-----------------------------------------
No paths to report.


----------------------------------------
; Slow 1200mV 0C Model Removal Summary ;
----------------------------------------
No paths to report.


+--------------------------------------------------+
; Slow 1200mV 0C Model Minimum Pulse Width Summary ;
+-------+--------+---------------------------------+
; Clock ; Slack  ; End Point TNS                   ;
+-------+--------+---------------------------------+
; clk   ; -3.000 ; -15.000                         ;
+-------+--------+---------------------------------+


+----------------------------------------------------------------------------------------------------------------------------------------------------------------------+
; Slow 1200mV 0C Model Setup: 'clk'                                                                                                                                    ;
+--------+-------------------------------------------+-------------------------------------------+--------------+-------------+--------------+------------+------------+
; Slack  ; From Node                                 ; To Node                                   ; Launch Clock ; Latch Clock ; Relationship ; Clock Skew ; Data Delay ;
+--------+-------------------------------------------+-------------------------------------------+--------------+-------------+--------------+------------+------------+
; -1.377 ; Registro4Bits:REGA|bitRegistro:inst3|inst ; Registro4Bits:REGA|bitRegistro:inst1|inst ; clk          ; clk         ; 1.000        ; -0.057     ; 2.315      ;
; -1.365 ; Registro4Bits:REGA|bitRegistro:inst2|inst ; Registro4Bits:REGA|bitRegistro:inst1|inst ; clk          ; clk         ; 1.000        ; -0.057     ; 2.303      ;
; -1.365 ; Registro4Bits:REGB|bitRegistro:inst3|inst ; Registro4Bits:REGA|bitRegistro:inst1|inst ; clk          ; clk         ; 1.000        ; -0.057     ; 2.303      ;
; -1.244 ; Registro4Bits:REGA|bitRegistro:inst3|inst ; Registro4Bits:REGA|bitRegistro:inst2|inst ; clk          ; clk         ; 1.000        ; -0.057     ; 2.182      ;
; -1.232 ; Registro4Bits:REGB|bitRegistro:inst3|inst ; Registro4Bits:REGA|bitRegistro:inst2|inst ; clk          ; clk         ; 1.000        ; -0.057     ; 2.170      ;
; -1.224 ; Registro4Bits:REGA|bitRegistro:inst2|inst ; Registro4Bits:REGA|bitRegistro:inst2|inst ; clk          ; clk         ; 1.000        ; -0.057     ; 2.162      ;
; -1.207 ; Registro4Bits:REGA|bitRegistro:inst4|inst ; Registro4Bits:REGA|bitRegistro:inst1|inst ; clk          ; clk         ; 1.000        ; -0.057     ; 2.145      ;
; -1.181 ; Registro4Bits:REGA|bitRegistro:inst3|inst ; Registro4Bits:REGF|bitRegistro:inst2|inst ; clk          ; clk         ; 1.000        ; 0.255      ; 2.431      ;
; -1.169 ; Registro4Bits:REGA|bitRegistro:inst2|inst ; Registro4Bits:REGF|bitRegistro:inst2|inst ; clk          ; clk         ; 1.000        ; 0.255      ; 2.419      ;
; -1.169 ; Registro4Bits:REGB|bitRegistro:inst3|inst ; Registro4Bits:REGF|bitRegistro:inst2|inst ; clk          ; clk         ; 1.000        ; 0.255      ; 2.419      ;
; -1.149 ; Registro4Bits:REGA|bitRegistro:inst1|inst ; Registro4Bits:REGA|bitRegistro:inst2|inst ; clk          ; clk         ; 1.000        ; -0.057     ; 2.087      ;
; -1.120 ; Registro4Bits:REGA|bitRegistro:inst3|inst ; Registro4Bits:REGA|bitRegistro:inst4|inst ; clk          ; clk         ; 1.000        ; -0.057     ; 2.058      ;
; -1.108 ; Registro4Bits:REGA|bitRegistro:inst2|inst ; Registro4Bits:REGA|bitRegistro:inst4|inst ; clk          ; clk         ; 1.000        ; -0.057     ; 2.046      ;
; -1.108 ; Registro4Bits:REGB|bitRegistro:inst3|inst ; Registro4Bits:REGA|bitRegistro:inst4|inst ; clk          ; clk         ; 1.000        ; -0.057     ; 2.046      ;
; -1.084 ; Registro4Bits:REGB|bitRegistro:inst2|inst ; Registro4Bits:REGA|bitRegistro:inst1|inst ; clk          ; clk         ; 1.000        ; -0.057     ; 2.022      ;
; -1.061 ; Registro4Bits:REGA|bitRegistro:inst1|inst ; Registro4Bits:REGA|bitRegistro:inst1|inst ; clk          ; clk         ; 1.000        ; -0.057     ; 1.999      ;
; -1.024 ; Registro4Bits:REGB|bitRegistro:inst4|inst ; Registro4Bits:REGA|bitRegistro:inst4|inst ; clk          ; clk         ; 1.000        ; -0.057     ; 1.962      ;
; -1.017 ; Registro4Bits:REGA|bitRegistro:inst4|inst ; Registro4Bits:REGF|bitRegistro:inst2|inst ; clk          ; clk         ; 1.000        ; 0.255      ; 2.267      ;
; -0.935 ; Registro4Bits:REGB|bitRegistro:inst1|inst ; Registro4Bits:REGA|bitRegistro:inst1|inst ; clk          ; clk         ; 1.000        ; -0.057     ; 1.873      ;
; -0.923 ; Registro4Bits:REGB|bitRegistro:inst3|inst ; Registro4Bits:REGA|bitRegistro:inst3|inst ; clk          ; clk         ; 1.000        ; -0.057     ; 1.861      ;
; -0.915 ; Registro4Bits:REGB|bitRegistro:inst2|inst ; Registro4Bits:REGA|bitRegistro:inst2|inst ; clk          ; clk         ; 1.000        ; -0.057     ; 1.853      ;
; -0.888 ; Registro4Bits:REGB|bitRegistro:inst2|inst ; Registro4Bits:REGF|bitRegistro:inst2|inst ; clk          ; clk         ; 1.000        ; 0.255      ; 2.138      ;
; -0.882 ; Registro4Bits:REGB|bitRegistro:inst4|inst ; Registro4Bits:REGF|bitRegistro:inst2|inst ; clk          ; clk         ; 1.000        ; 0.255      ; 2.132      ;
; -0.871 ; Registro4Bits:REGA|bitRegistro:inst1|inst ; Registro4Bits:REGF|bitRegistro:inst2|inst ; clk          ; clk         ; 1.000        ; 0.255      ; 2.121      ;
; -0.827 ; Registro4Bits:REGB|bitRegistro:inst2|inst ; Registro4Bits:REGA|bitRegistro:inst4|inst ; clk          ; clk         ; 1.000        ; -0.057     ; 1.765      ;
; -0.819 ; Registro4Bits:REGA|bitRegistro:inst1|inst ; Registro4Bits:REGA|bitRegistro:inst4|inst ; clk          ; clk         ; 1.000        ; -0.057     ; 1.757      ;
; -0.813 ; Registro4Bits:REGA|bitRegistro:inst3|inst ; Registro4Bits:REGF|bitRegistro:inst4|inst ; clk          ; clk         ; 1.000        ; -0.057     ; 1.751      ;
; -0.810 ; Registro4Bits:REGA|bitRegistro:inst3|inst ; Registro4Bits:REGF|bitRegistro:inst3|inst ; clk          ; clk         ; 1.000        ; -0.057     ; 1.748      ;
; -0.803 ; Registro4Bits:REGA|bitRegistro:inst4|inst ; Registro4Bits:REGA|bitRegistro:inst4|inst ; clk          ; clk         ; 1.000        ; -0.057     ; 1.741      ;
; -0.801 ; Registro4Bits:REGA|bitRegistro:inst2|inst ; Registro4Bits:REGF|bitRegistro:inst4|inst ; clk          ; clk         ; 1.000        ; -0.057     ; 1.739      ;
; -0.801 ; Registro4Bits:REGB|bitRegistro:inst3|inst ; Registro4Bits:REGF|bitRegistro:inst4|inst ; clk          ; clk         ; 1.000        ; -0.057     ; 1.739      ;
; -0.791 ; Registro4Bits:REGB|bitRegistro:inst3|inst ; Registro4Bits:REGF|bitRegistro:inst3|inst ; clk          ; clk         ; 1.000        ; -0.057     ; 1.729      ;
; -0.788 ; Registro4Bits:REGA|bitRegistro:inst2|inst ; Registro4Bits:REGF|bitRegistro:inst3|inst ; clk          ; clk         ; 1.000        ; -0.057     ; 1.726      ;
; -0.781 ; Registro4Bits:REGA|bitRegistro:inst3|inst ; Registro4Bits:REGA|bitRegistro:inst3|inst ; clk          ; clk         ; 1.000        ; -0.057     ; 1.719      ;
; -0.743 ; Registro4Bits:REGB|bitRegistro:inst1|inst ; Registro4Bits:REGF|bitRegistro:inst2|inst ; clk          ; clk         ; 1.000        ; 0.255      ; 1.993      ;
; -0.673 ; Registro4Bits:REGA|bitRegistro:inst3|inst ; Registro4Bits:REGF|bitRegistro:inst1|inst ; clk          ; clk         ; 1.000        ; 0.255      ; 1.923      ;
; -0.671 ; Registro4Bits:REGB|bitRegistro:inst1|inst ; Registro4Bits:REGA|bitRegistro:inst4|inst ; clk          ; clk         ; 1.000        ; -0.057     ; 1.609      ;
; -0.661 ; Registro4Bits:REGA|bitRegistro:inst2|inst ; Registro4Bits:REGF|bitRegistro:inst1|inst ; clk          ; clk         ; 1.000        ; 0.255      ; 1.911      ;
; -0.661 ; Registro4Bits:REGB|bitRegistro:inst3|inst ; Registro4Bits:REGF|bitRegistro:inst1|inst ; clk          ; clk         ; 1.000        ; 0.255      ; 1.911      ;
; -0.597 ; Registro4Bits:REGB|bitRegistro:inst4|inst ; Registro4Bits:REGF|bitRegistro:inst1|inst ; clk          ; clk         ; 1.000        ; 0.255      ; 1.847      ;
; -0.520 ; Registro4Bits:REGB|bitRegistro:inst2|inst ; Registro4Bits:REGF|bitRegistro:inst4|inst ; clk          ; clk         ; 1.000        ; -0.057     ; 1.458      ;
; -0.512 ; Registro4Bits:REGA|bitRegistro:inst1|inst ; Registro4Bits:REGF|bitRegistro:inst4|inst ; clk          ; clk         ; 1.000        ; -0.057     ; 1.450      ;
; -0.508 ; Registro4Bits:REGB|bitRegistro:inst2|inst ; Registro4Bits:REGF|bitRegistro:inst3|inst ; clk          ; clk         ; 1.000        ; -0.057     ; 1.446      ;
; -0.499 ; Registro4Bits:REGA|bitRegistro:inst1|inst ; Registro4Bits:REGF|bitRegistro:inst3|inst ; clk          ; clk         ; 1.000        ; -0.057     ; 1.437      ;
; -0.383 ; Registro4Bits:REGB|bitRegistro:inst1|inst ; Registro4Bits:REGF|bitRegistro:inst4|inst ; clk          ; clk         ; 1.000        ; -0.057     ; 1.321      ;
; -0.381 ; Registro4Bits:REGB|bitRegistro:inst1|inst ; Registro4Bits:REGF|bitRegistro:inst3|inst ; clk          ; clk         ; 1.000        ; -0.057     ; 1.319      ;
; -0.380 ; Registro4Bits:REGB|bitRegistro:inst2|inst ; Registro4Bits:REGF|bitRegistro:inst1|inst ; clk          ; clk         ; 1.000        ; 0.255      ; 1.630      ;
; -0.375 ; Registro4Bits:REGA|bitRegistro:inst2|inst ; Registro4Bits:REGA|bitRegistro:inst3|inst ; clk          ; clk         ; 1.000        ; -0.057     ; 1.313      ;
; -0.372 ; Registro4Bits:REGA|bitRegistro:inst1|inst ; Registro4Bits:REGF|bitRegistro:inst1|inst ; clk          ; clk         ; 1.000        ; 0.255      ; 1.622      ;
; -0.356 ; Registro4Bits:REGA|bitRegistro:inst4|inst ; Registro4Bits:REGF|bitRegistro:inst1|inst ; clk          ; clk         ; 1.000        ; 0.255      ; 1.606      ;
; -0.276 ; Registro4Bits:REGA|bitRegistro:inst4|inst ; Registro4Bits:REGF|bitRegistro:inst4|inst ; clk          ; clk         ; 1.000        ; -0.057     ; 1.214      ;
; -0.273 ; Registro4Bits:REGA|bitRegistro:inst4|inst ; Registro4Bits:REGF|bitRegistro:inst3|inst ; clk          ; clk         ; 1.000        ; -0.057     ; 1.211      ;
; -0.252 ; Registro4Bits:REGB|bitRegistro:inst4|inst ; Registro4Bits:REGF|bitRegistro:inst3|inst ; clk          ; clk         ; 1.000        ; -0.057     ; 1.190      ;
; -0.247 ; Registro4Bits:REGB|bitRegistro:inst4|inst ; Registro4Bits:REGF|bitRegistro:inst4|inst ; clk          ; clk         ; 1.000        ; -0.057     ; 1.185      ;
; -0.224 ; Registro4Bits:REGB|bitRegistro:inst1|inst ; Registro4Bits:REGF|bitRegistro:inst1|inst ; clk          ; clk         ; 1.000        ; 0.255      ; 1.474      ;
+--------+-------------------------------------------+-------------------------------------------+--------------+-------------+--------------+------------+------------+


+---------------------------------------------------------------------------------------------------------------------------------------------------------------------+
; Slow 1200mV 0C Model Hold: 'clk'                                                                                                                                    ;
+-------+-------------------------------------------+-------------------------------------------+--------------+-------------+--------------+------------+------------+
; Slack ; From Node                                 ; To Node                                   ; Launch Clock ; Latch Clock ; Relationship ; Clock Skew ; Data Delay ;
+-------+-------------------------------------------+-------------------------------------------+--------------+-------------+--------------+------------+------------+
; 0.547 ; Registro4Bits:REGB|bitRegistro:inst4|inst ; Registro4Bits:REGF|bitRegistro:inst1|inst ; clk          ; clk         ; 0.000        ; 0.382      ; 1.073      ;
; 0.610 ; Registro4Bits:REGA|bitRegistro:inst4|inst ; Registro4Bits:REGF|bitRegistro:inst1|inst ; clk          ; clk         ; 0.000        ; 0.382      ; 1.136      ;
; 0.746 ; Registro4Bits:REGA|bitRegistro:inst4|inst ; Registro4Bits:REGA|bitRegistro:inst4|inst ; clk          ; clk         ; 0.000        ; 0.057      ; 0.947      ;
; 0.763 ; Registro4Bits:REGB|bitRegistro:inst1|inst ; Registro4Bits:REGF|bitRegistro:inst1|inst ; clk          ; clk         ; 0.000        ; 0.382      ; 1.289      ;
; 0.806 ; Registro4Bits:REGB|bitRegistro:inst4|inst ; Registro4Bits:REGF|bitRegistro:inst2|inst ; clk          ; clk         ; 0.000        ; 0.382      ; 1.332      ;
; 0.851 ; Registro4Bits:REGB|bitRegistro:inst4|inst ; Registro4Bits:REGF|bitRegistro:inst4|inst ; clk          ; clk         ; 0.000        ; 0.057      ; 1.052      ;
; 0.860 ; Registro4Bits:REGB|bitRegistro:inst4|inst ; Registro4Bits:REGF|bitRegistro:inst3|inst ; clk          ; clk         ; 0.000        ; 0.057      ; 1.061      ;
; 0.869 ; Registro4Bits:REGA|bitRegistro:inst4|inst ; Registro4Bits:REGF|bitRegistro:inst3|inst ; clk          ; clk         ; 0.000        ; 0.057      ; 1.070      ;
; 0.871 ; Registro4Bits:REGB|bitRegistro:inst4|inst ; Registro4Bits:REGA|bitRegistro:inst4|inst ; clk          ; clk         ; 0.000        ; 0.057      ; 1.072      ;
; 0.887 ; Registro4Bits:REGA|bitRegistro:inst4|inst ; Registro4Bits:REGF|bitRegistro:inst4|inst ; clk          ; clk         ; 0.000        ; 0.057      ; 1.088      ;
; 0.890 ; Registro4Bits:REGA|bitRegistro:inst4|inst ; Registro4Bits:REGF|bitRegistro:inst2|inst ; clk          ; clk         ; 0.000        ; 0.382      ; 1.416      ;
; 0.931 ; Registro4Bits:REGA|bitRegistro:inst3|inst ; Registro4Bits:REGA|bitRegistro:inst3|inst ; clk          ; clk         ; 0.000        ; 0.057      ; 1.132      ;
; 0.943 ; Registro4Bits:REGB|bitRegistro:inst1|inst ; Registro4Bits:REGF|bitRegistro:inst4|inst ; clk          ; clk         ; 0.000        ; 0.057      ; 1.144      ;
; 0.944 ; Registro4Bits:REGB|bitRegistro:inst1|inst ; Registro4Bits:REGF|bitRegistro:inst3|inst ; clk          ; clk         ; 0.000        ; 0.057      ; 1.145      ;
; 0.945 ; Registro4Bits:REGB|bitRegistro:inst2|inst ; Registro4Bits:REGF|bitRegistro:inst1|inst ; clk          ; clk         ; 0.000        ; 0.382      ; 1.471      ;
; 0.985 ; Registro4Bits:REGA|bitRegistro:inst1|inst ; Registro4Bits:REGF|bitRegistro:inst1|inst ; clk          ; clk         ; 0.000        ; 0.382      ; 1.511      ;
; 0.985 ; Registro4Bits:REGA|bitRegistro:inst3|inst ; Registro4Bits:REGF|bitRegistro:inst2|inst ; clk          ; clk         ; 0.000        ; 0.382      ; 1.511      ;
; 0.988 ; Registro4Bits:REGB|bitRegistro:inst1|inst ; Registro4Bits:REGF|bitRegistro:inst2|inst ; clk          ; clk         ; 0.000        ; 0.382      ; 1.514      ;
; 1.000 ; Registro4Bits:REGA|bitRegistro:inst2|inst ; Registro4Bits:REGA|bitRegistro:inst3|inst ; clk          ; clk         ; 0.000        ; 0.057      ; 1.201      ;
; 1.015 ; Registro4Bits:REGB|bitRegistro:inst2|inst ; Registro4Bits:REGF|bitRegistro:inst2|inst ; clk          ; clk         ; 0.000        ; 0.382      ; 1.541      ;
; 1.054 ; Registro4Bits:REGA|bitRegistro:inst2|inst ; Registro4Bits:REGF|bitRegistro:inst2|inst ; clk          ; clk         ; 0.000        ; 0.382      ; 1.580      ;
; 1.104 ; Registro4Bits:REGB|bitRegistro:inst2|inst ; Registro4Bits:REGF|bitRegistro:inst3|inst ; clk          ; clk         ; 0.000        ; 0.057      ; 1.305      ;
; 1.107 ; Registro4Bits:REGB|bitRegistro:inst2|inst ; Registro4Bits:REGF|bitRegistro:inst4|inst ; clk          ; clk         ; 0.000        ; 0.057      ; 1.308      ;
; 1.142 ; Registro4Bits:REGA|bitRegistro:inst1|inst ; Registro4Bits:REGF|bitRegistro:inst2|inst ; clk          ; clk         ; 0.000        ; 0.382      ; 1.668      ;
; 1.165 ; Registro4Bits:REGA|bitRegistro:inst1|inst ; Registro4Bits:REGF|bitRegistro:inst4|inst ; clk          ; clk         ; 0.000        ; 0.057      ; 1.366      ;
; 1.167 ; Registro4Bits:REGA|bitRegistro:inst1|inst ; Registro4Bits:REGF|bitRegistro:inst3|inst ; clk          ; clk         ; 0.000        ; 0.057      ; 1.368      ;
; 1.181 ; Registro4Bits:REGA|bitRegistro:inst2|inst ; Registro4Bits:REGF|bitRegistro:inst1|inst ; clk          ; clk         ; 0.000        ; 0.382      ; 1.707      ;
; 1.190 ; Registro4Bits:REGB|bitRegistro:inst1|inst ; Registro4Bits:REGA|bitRegistro:inst1|inst ; clk          ; clk         ; 0.000        ; 0.057      ; 1.391      ;
; 1.197 ; Registro4Bits:REGB|bitRegistro:inst1|inst ; Registro4Bits:REGA|bitRegistro:inst4|inst ; clk          ; clk         ; 0.000        ; 0.057      ; 1.398      ;
; 1.220 ; Registro4Bits:REGB|bitRegistro:inst3|inst ; Registro4Bits:REGF|bitRegistro:inst1|inst ; clk          ; clk         ; 0.000        ; 0.382      ; 1.746      ;
; 1.239 ; Registro4Bits:REGB|bitRegistro:inst3|inst ; Registro4Bits:REGA|bitRegistro:inst3|inst ; clk          ; clk         ; 0.000        ; 0.057      ; 1.440      ;
; 1.271 ; Registro4Bits:REGB|bitRegistro:inst3|inst ; Registro4Bits:REGF|bitRegistro:inst2|inst ; clk          ; clk         ; 0.000        ; 0.382      ; 1.797      ;
; 1.286 ; Registro4Bits:REGA|bitRegistro:inst3|inst ; Registro4Bits:REGF|bitRegistro:inst1|inst ; clk          ; clk         ; 0.000        ; 0.382      ; 1.812      ;
; 1.344 ; Registro4Bits:REGA|bitRegistro:inst1|inst ; Registro4Bits:REGA|bitRegistro:inst1|inst ; clk          ; clk         ; 0.000        ; 0.057      ; 1.545      ;
; 1.361 ; Registro4Bits:REGA|bitRegistro:inst2|inst ; Registro4Bits:REGF|bitRegistro:inst4|inst ; clk          ; clk         ; 0.000        ; 0.057      ; 1.562      ;
; 1.365 ; Registro4Bits:REGB|bitRegistro:inst2|inst ; Registro4Bits:REGA|bitRegistro:inst2|inst ; clk          ; clk         ; 0.000        ; 0.057      ; 1.566      ;
; 1.368 ; Registro4Bits:REGA|bitRegistro:inst2|inst ; Registro4Bits:REGF|bitRegistro:inst3|inst ; clk          ; clk         ; 0.000        ; 0.057      ; 1.569      ;
; 1.379 ; Registro4Bits:REGB|bitRegistro:inst3|inst ; Registro4Bits:REGF|bitRegistro:inst3|inst ; clk          ; clk         ; 0.000        ; 0.057      ; 1.580      ;
; 1.379 ; Registro4Bits:REGB|bitRegistro:inst2|inst ; Registro4Bits:REGA|bitRegistro:inst4|inst ; clk          ; clk         ; 0.000        ; 0.057      ; 1.580      ;
; 1.382 ; Registro4Bits:REGB|bitRegistro:inst3|inst ; Registro4Bits:REGF|bitRegistro:inst4|inst ; clk          ; clk         ; 0.000        ; 0.057      ; 1.583      ;
; 1.419 ; Registro4Bits:REGA|bitRegistro:inst1|inst ; Registro4Bits:REGA|bitRegistro:inst4|inst ; clk          ; clk         ; 0.000        ; 0.057      ; 1.620      ;
; 1.460 ; Registro4Bits:REGA|bitRegistro:inst3|inst ; Registro4Bits:REGF|bitRegistro:inst3|inst ; clk          ; clk         ; 0.000        ; 0.057      ; 1.661      ;
; 1.463 ; Registro4Bits:REGA|bitRegistro:inst3|inst ; Registro4Bits:REGF|bitRegistro:inst4|inst ; clk          ; clk         ; 0.000        ; 0.057      ; 1.664      ;
; 1.482 ; Registro4Bits:REGA|bitRegistro:inst2|inst ; Registro4Bits:REGA|bitRegistro:inst2|inst ; clk          ; clk         ; 0.000        ; 0.057      ; 1.683      ;
; 1.615 ; Registro4Bits:REGA|bitRegistro:inst2|inst ; Registro4Bits:REGA|bitRegistro:inst4|inst ; clk          ; clk         ; 0.000        ; 0.057      ; 1.816      ;
; 1.618 ; Registro4Bits:REGB|bitRegistro:inst2|inst ; Registro4Bits:REGA|bitRegistro:inst1|inst ; clk          ; clk         ; 0.000        ; 0.057      ; 1.819      ;
; 1.654 ; Registro4Bits:REGB|bitRegistro:inst3|inst ; Registro4Bits:REGA|bitRegistro:inst4|inst ; clk          ; clk         ; 0.000        ; 0.057      ; 1.855      ;
; 1.681 ; Registro4Bits:REGA|bitRegistro:inst1|inst ; Registro4Bits:REGA|bitRegistro:inst2|inst ; clk          ; clk         ; 0.000        ; 0.057      ; 1.882      ;
; 1.720 ; Registro4Bits:REGA|bitRegistro:inst3|inst ; Registro4Bits:REGA|bitRegistro:inst4|inst ; clk          ; clk         ; 0.000        ; 0.057      ; 1.921      ;
; 1.745 ; Registro4Bits:REGB|bitRegistro:inst3|inst ; Registro4Bits:REGA|bitRegistro:inst2|inst ; clk          ; clk         ; 0.000        ; 0.057      ; 1.946      ;
; 1.786 ; Registro4Bits:REGA|bitRegistro:inst4|inst ; Registro4Bits:REGA|bitRegistro:inst1|inst ; clk          ; clk         ; 0.000        ; 0.057      ; 1.987      ;
; 1.806 ; Registro4Bits:REGA|bitRegistro:inst3|inst ; Registro4Bits:REGA|bitRegistro:inst2|inst ; clk          ; clk         ; 0.000        ; 0.057      ; 2.007      ;
; 1.851 ; Registro4Bits:REGA|bitRegistro:inst2|inst ; Registro4Bits:REGA|bitRegistro:inst1|inst ; clk          ; clk         ; 0.000        ; 0.057      ; 2.052      ;
; 1.893 ; Registro4Bits:REGB|bitRegistro:inst3|inst ; Registro4Bits:REGA|bitRegistro:inst1|inst ; clk          ; clk         ; 0.000        ; 0.057      ; 2.094      ;
; 1.956 ; Registro4Bits:REGA|bitRegistro:inst3|inst ; Registro4Bits:REGA|bitRegistro:inst1|inst ; clk          ; clk         ; 0.000        ; 0.057      ; 2.157      ;
+-------+-------------------------------------------+-------------------------------------------+--------------+-------------+--------------+------------+------------+


+----------------------------------------------------------------------------------------------------------------------------+
; Slow 1200mV 0C Model Minimum Pulse Width: 'clk'                                                                            ;
+--------+--------------+----------------+------------------+-------+------------+-------------------------------------------+
; Slack  ; Actual Width ; Required Width ; Type             ; Clock ; Clock Edge ; Target                                    ;
+--------+--------------+----------------+------------------+-------+------------+-------------------------------------------+
; -3.000 ; 1.000        ; 4.000          ; Port Rate        ; clk   ; Rise       ; clk                                       ;
; -1.000 ; 1.000        ; 2.000          ; Min Period       ; clk   ; Rise       ; Registro4Bits:REGA|bitRegistro:inst1|inst ;
; -1.000 ; 1.000        ; 2.000          ; Min Period       ; clk   ; Rise       ; Registro4Bits:REGA|bitRegistro:inst2|inst ;
; -1.000 ; 1.000        ; 2.000          ; Min Period       ; clk   ; Rise       ; Registro4Bits:REGA|bitRegistro:inst3|inst ;
; -1.000 ; 1.000        ; 2.000          ; Min Period       ; clk   ; Rise       ; Registro4Bits:REGA|bitRegistro:inst4|inst ;
; -1.000 ; 1.000        ; 2.000          ; Min Period       ; clk   ; Rise       ; Registro4Bits:REGB|bitRegistro:inst1|inst ;
; -1.000 ; 1.000        ; 2.000          ; Min Period       ; clk   ; Rise       ; Registro4Bits:REGB|bitRegistro:inst2|inst ;
; -1.000 ; 1.000        ; 2.000          ; Min Period       ; clk   ; Rise       ; Registro4Bits:REGB|bitRegistro:inst3|inst ;
; -1.000 ; 1.000        ; 2.000          ; Min Period       ; clk   ; Rise       ; Registro4Bits:REGB|bitRegistro:inst4|inst ;
; -1.000 ; 1.000        ; 2.000          ; Min Period       ; clk   ; Rise       ; Registro4Bits:REGF|bitRegistro:inst1|inst ;
; -1.000 ; 1.000        ; 2.000          ; Min Period       ; clk   ; Rise       ; Registro4Bits:REGF|bitRegistro:inst2|inst ;
; -1.000 ; 1.000        ; 2.000          ; Min Period       ; clk   ; Rise       ; Registro4Bits:REGF|bitRegistro:inst3|inst ;
; -1.000 ; 1.000        ; 2.000          ; Min Period       ; clk   ; Rise       ; Registro4Bits:REGF|bitRegistro:inst4|inst ;
; 0.209  ; 0.393        ; 0.184          ; Low Pulse Width  ; clk   ; Rise       ; Registro4Bits:REGF|bitRegistro:inst1|inst ;
; 0.209  ; 0.393        ; 0.184          ; Low Pulse Width  ; clk   ; Rise       ; Registro4Bits:REGF|bitRegistro:inst2|inst ;
; 0.213  ; 0.397        ; 0.184          ; Low Pulse Width  ; clk   ; Rise       ; Registro4Bits:REGF|bitRegistro:inst3|inst ;
; 0.213  ; 0.397        ; 0.184          ; Low Pulse Width  ; clk   ; Rise       ; Registro4Bits:REGF|bitRegistro:inst4|inst ;
; 0.214  ; 0.398        ; 0.184          ; Low Pulse Width  ; clk   ; Rise       ; Registro4Bits:REGA|bitRegistro:inst1|inst ;
; 0.214  ; 0.398        ; 0.184          ; Low Pulse Width  ; clk   ; Rise       ; Registro4Bits:REGA|bitRegistro:inst2|inst ;
; 0.214  ; 0.398        ; 0.184          ; Low Pulse Width  ; clk   ; Rise       ; Registro4Bits:REGA|bitRegistro:inst3|inst ;
; 0.214  ; 0.398        ; 0.184          ; Low Pulse Width  ; clk   ; Rise       ; Registro4Bits:REGA|bitRegistro:inst4|inst ;
; 0.214  ; 0.398        ; 0.184          ; Low Pulse Width  ; clk   ; Rise       ; Registro4Bits:REGB|bitRegistro:inst1|inst ;
; 0.214  ; 0.398        ; 0.184          ; Low Pulse Width  ; clk   ; Rise       ; Registro4Bits:REGB|bitRegistro:inst2|inst ;
; 0.214  ; 0.398        ; 0.184          ; Low Pulse Width  ; clk   ; Rise       ; Registro4Bits:REGB|bitRegistro:inst3|inst ;
; 0.214  ; 0.398        ; 0.184          ; Low Pulse Width  ; clk   ; Rise       ; Registro4Bits:REGB|bitRegistro:inst4|inst ;
; 0.344  ; 0.344        ; 0.000          ; Low Pulse Width  ; clk   ; Rise       ; clk~input|o                               ;
; 0.346  ; 0.346        ; 0.000          ; Low Pulse Width  ; clk   ; Rise       ; clk~inputclkctrl|inclk[0]                 ;
; 0.346  ; 0.346        ; 0.000          ; Low Pulse Width  ; clk   ; Rise       ; clk~inputclkctrl|outclk                   ;
; 0.369  ; 0.369        ; 0.000          ; Low Pulse Width  ; clk   ; Rise       ; REGF|inst1|inst|clk                       ;
; 0.369  ; 0.369        ; 0.000          ; Low Pulse Width  ; clk   ; Rise       ; REGF|inst2|inst|clk                       ;
; 0.373  ; 0.373        ; 0.000          ; Low Pulse Width  ; clk   ; Rise       ; REGF|inst3|inst|clk                       ;
; 0.373  ; 0.373        ; 0.000          ; Low Pulse Width  ; clk   ; Rise       ; REGF|inst4|inst|clk                       ;
; 0.374  ; 0.374        ; 0.000          ; Low Pulse Width  ; clk   ; Rise       ; REGA|inst1|inst|clk                       ;
; 0.374  ; 0.374        ; 0.000          ; Low Pulse Width  ; clk   ; Rise       ; REGA|inst2|inst|clk                       ;
; 0.374  ; 0.374        ; 0.000          ; Low Pulse Width  ; clk   ; Rise       ; REGA|inst3|inst|clk                       ;
; 0.374  ; 0.374        ; 0.000          ; Low Pulse Width  ; clk   ; Rise       ; REGA|inst4|inst|clk                       ;
; 0.374  ; 0.374        ; 0.000          ; Low Pulse Width  ; clk   ; Rise       ; REGB|inst1|inst|clk                       ;
; 0.374  ; 0.374        ; 0.000          ; Low Pulse Width  ; clk   ; Rise       ; REGB|inst2|inst|clk                       ;
; 0.374  ; 0.374        ; 0.000          ; Low Pulse Width  ; clk   ; Rise       ; REGB|inst3|inst|clk                       ;
; 0.374  ; 0.374        ; 0.000          ; Low Pulse Width  ; clk   ; Rise       ; REGB|inst4|inst|clk                       ;
; 0.385  ; 0.601        ; 0.216          ; High Pulse Width ; clk   ; Rise       ; Registro4Bits:REGA|bitRegistro:inst1|inst ;
; 0.385  ; 0.601        ; 0.216          ; High Pulse Width ; clk   ; Rise       ; Registro4Bits:REGA|bitRegistro:inst2|inst ;
; 0.385  ; 0.601        ; 0.216          ; High Pulse Width ; clk   ; Rise       ; Registro4Bits:REGA|bitRegistro:inst3|inst ;
; 0.385  ; 0.601        ; 0.216          ; High Pulse Width ; clk   ; Rise       ; Registro4Bits:REGA|bitRegistro:inst4|inst ;
; 0.385  ; 0.601        ; 0.216          ; High Pulse Width ; clk   ; Rise       ; Registro4Bits:REGB|bitRegistro:inst1|inst ;
; 0.385  ; 0.601        ; 0.216          ; High Pulse Width ; clk   ; Rise       ; Registro4Bits:REGB|bitRegistro:inst2|inst ;
; 0.385  ; 0.601        ; 0.216          ; High Pulse Width ; clk   ; Rise       ; Registro4Bits:REGB|bitRegistro:inst3|inst ;
; 0.385  ; 0.601        ; 0.216          ; High Pulse Width ; clk   ; Rise       ; Registro4Bits:REGB|bitRegistro:inst4|inst ;
; 0.386  ; 0.602        ; 0.216          ; High Pulse Width ; clk   ; Rise       ; Registro4Bits:REGF|bitRegistro:inst3|inst ;
; 0.386  ; 0.602        ; 0.216          ; High Pulse Width ; clk   ; Rise       ; Registro4Bits:REGF|bitRegistro:inst4|inst ;
; 0.391  ; 0.607        ; 0.216          ; High Pulse Width ; clk   ; Rise       ; Registro4Bits:REGF|bitRegistro:inst1|inst ;
; 0.391  ; 0.607        ; 0.216          ; High Pulse Width ; clk   ; Rise       ; Registro4Bits:REGF|bitRegistro:inst2|inst ;
; 0.500  ; 0.500        ; 0.000          ; High Pulse Width ; clk   ; Rise       ; clk~input|i                               ;
; 0.500  ; 0.500        ; 0.000          ; Low Pulse Width  ; clk   ; Rise       ; clk~input|i                               ;
; 0.625  ; 0.625        ; 0.000          ; High Pulse Width ; clk   ; Rise       ; REGA|inst1|inst|clk                       ;
; 0.625  ; 0.625        ; 0.000          ; High Pulse Width ; clk   ; Rise       ; REGA|inst2|inst|clk                       ;
; 0.625  ; 0.625        ; 0.000          ; High Pulse Width ; clk   ; Rise       ; REGA|inst3|inst|clk                       ;
; 0.625  ; 0.625        ; 0.000          ; High Pulse Width ; clk   ; Rise       ; REGA|inst4|inst|clk                       ;
; 0.625  ; 0.625        ; 0.000          ; High Pulse Width ; clk   ; Rise       ; REGB|inst1|inst|clk                       ;
; 0.625  ; 0.625        ; 0.000          ; High Pulse Width ; clk   ; Rise       ; REGB|inst2|inst|clk                       ;
; 0.625  ; 0.625        ; 0.000          ; High Pulse Width ; clk   ; Rise       ; REGB|inst3|inst|clk                       ;
; 0.625  ; 0.625        ; 0.000          ; High Pulse Width ; clk   ; Rise       ; REGB|inst4|inst|clk                       ;
; 0.626  ; 0.626        ; 0.000          ; High Pulse Width ; clk   ; Rise       ; REGF|inst3|inst|clk                       ;
; 0.626  ; 0.626        ; 0.000          ; High Pulse Width ; clk   ; Rise       ; REGF|inst4|inst|clk                       ;
; 0.631  ; 0.631        ; 0.000          ; High Pulse Width ; clk   ; Rise       ; REGF|inst1|inst|clk                       ;
; 0.631  ; 0.631        ; 0.000          ; High Pulse Width ; clk   ; Rise       ; REGF|inst2|inst|clk                       ;
; 0.654  ; 0.654        ; 0.000          ; High Pulse Width ; clk   ; Rise       ; clk~inputclkctrl|inclk[0]                 ;
; 0.654  ; 0.654        ; 0.000          ; High Pulse Width ; clk   ; Rise       ; clk~inputclkctrl|outclk                   ;
; 0.656  ; 0.656        ; 0.000          ; High Pulse Width ; clk   ; Rise       ; clk~input|o                               ;
+--------+--------------+----------------+------------------+-------+------------+-------------------------------------------+


+------------------------------------------------------------------------+
; Setup Times                                                            ;
+------------+------------+-------+-------+------------+-----------------+
; Data Port  ; Clock Port ; Rise  ; Fall  ; Clock Edge ; Clock Reference ;
+------------+------------+-------+-------+------------+-----------------+
; A[*]       ; clk        ; 2.290 ; 2.657 ; Rise       ; clk             ;
;  A[0]      ; clk        ; 1.369 ; 1.723 ; Rise       ; clk             ;
;  A[1]      ; clk        ; 1.858 ; 2.212 ; Rise       ; clk             ;
;  A[2]      ; clk        ; 1.640 ; 1.991 ; Rise       ; clk             ;
;  A[3]      ; clk        ; 2.290 ; 2.657 ; Rise       ; clk             ;
; B[*]       ; clk        ; 1.848 ; 2.167 ; Rise       ; clk             ;
;  B[0]      ; clk        ; 1.690 ; 2.043 ; Rise       ; clk             ;
;  B[1]      ; clk        ; 1.383 ; 1.733 ; Rise       ; clk             ;
;  B[2]      ; clk        ; 1.848 ; 2.167 ; Rise       ; clk             ;
;  B[3]      ; clk        ; 1.724 ; 2.076 ; Rise       ; clk             ;
; ExtLOADA   ; clk        ; 1.424 ; 1.474 ; Rise       ; clk             ;
; LOADB      ; clk        ; 1.706 ; 2.057 ; Rise       ; clk             ;
; OPCODE[*]  ; clk        ; 3.702 ; 4.053 ; Rise       ; clk             ;
;  OPCODE[0] ; clk        ; 3.564 ; 3.878 ; Rise       ; clk             ;
;  OPCODE[1] ; clk        ; 3.702 ; 4.053 ; Rise       ; clk             ;
;  OPCODE[2] ; clk        ; 2.509 ; 2.628 ; Rise       ; clk             ;
+------------+------------+-------+-------+------------+-----------------+


+--------------------------------------------------------------------------+
; Hold Times                                                               ;
+------------+------------+--------+--------+------------+-----------------+
; Data Port  ; Clock Port ; Rise   ; Fall   ; Clock Edge ; Clock Reference ;
+------------+------------+--------+--------+------------+-----------------+
; A[*]       ; clk        ; -1.024 ; -1.364 ; Rise       ; clk             ;
;  A[0]      ; clk        ; -1.024 ; -1.364 ; Rise       ; clk             ;
;  A[1]      ; clk        ; -1.494 ; -1.834 ; Rise       ; clk             ;
;  A[2]      ; clk        ; -1.284 ; -1.620 ; Rise       ; clk             ;
;  A[3]      ; clk        ; -1.860 ; -2.201 ; Rise       ; clk             ;
; B[*]       ; clk        ; -1.049 ; -1.391 ; Rise       ; clk             ;
;  B[0]      ; clk        ; -1.344 ; -1.689 ; Rise       ; clk             ;
;  B[1]      ; clk        ; -1.049 ; -1.391 ; Rise       ; clk             ;
;  B[2]      ; clk        ; -1.498 ; -1.809 ; Rise       ; clk             ;
;  B[3]      ; clk        ; -1.378 ; -1.721 ; Rise       ; clk             ;
; ExtLOADA   ; clk        ; -0.281 ; -0.356 ; Rise       ; clk             ;
; LOADB      ; clk        ; -1.441 ; -1.777 ; Rise       ; clk             ;
; OPCODE[*]  ; clk        ; -0.150 ; -0.248 ; Rise       ; clk             ;
;  OPCODE[0] ; clk        ; -1.666 ; -2.028 ; Rise       ; clk             ;
;  OPCODE[1] ; clk        ; -1.652 ; -1.990 ; Rise       ; clk             ;
;  OPCODE[2] ; clk        ; -0.150 ; -0.248 ; Rise       ; clk             ;
+------------+------------+--------+--------+------------+-----------------+


+-----------------------------------------------------------------------+
; Clock to Output Times                                                 ;
+-----------+------------+-------+-------+------------+-----------------+
; Data Port ; Clock Port ; Rise  ; Fall  ; Clock Edge ; Clock Reference ;
+-----------+------------+-------+-------+------------+-----------------+
; FLAGS[*]  ; clk        ; 5.867 ; 5.739 ; Rise       ; clk             ;
;  FLAGS[0] ; clk        ; 5.676 ; 5.585 ; Rise       ; clk             ;
;  FLAGS[1] ; clk        ; 5.867 ; 5.739 ; Rise       ; clk             ;
;  FLAGS[2] ; clk        ; 5.794 ; 5.705 ; Rise       ; clk             ;
;  FLAGS[3] ; clk        ; 5.468 ; 5.374 ; Rise       ; clk             ;
; S[*]      ; clk        ; 6.018 ; 5.992 ; Rise       ; clk             ;
;  S[0]     ; clk        ; 5.499 ; 5.416 ; Rise       ; clk             ;
;  S[1]     ; clk        ; 6.018 ; 5.992 ; Rise       ; clk             ;
;  S[2]     ; clk        ; 5.611 ; 5.493 ; Rise       ; clk             ;
;  S[3]     ; clk        ; 5.506 ; 5.429 ; Rise       ; clk             ;
+-----------+------------+-------+-------+------------+-----------------+


+-----------------------------------------------------------------------+
; Minimum Clock to Output Times                                         ;
+-----------+------------+-------+-------+------------+-----------------+
; Data Port ; Clock Port ; Rise  ; Fall  ; Clock Edge ; Clock Reference ;
+-----------+------------+-------+-------+------------+-----------------+
; FLAGS[*]  ; clk        ; 5.293 ; 5.199 ; Rise       ; clk             ;
;  FLAGS[0] ; clk        ; 5.492 ; 5.401 ; Rise       ; clk             ;
;  FLAGS[1] ; clk        ; 5.674 ; 5.547 ; Rise       ; clk             ;
;  FLAGS[2] ; clk        ; 5.605 ; 5.516 ; Rise       ; clk             ;
;  FLAGS[3] ; clk        ; 5.293 ; 5.199 ; Rise       ; clk             ;
; S[*]      ; clk        ; 5.322 ; 5.239 ; Rise       ; clk             ;
;  S[0]     ; clk        ; 5.322 ; 5.239 ; Rise       ; clk             ;
;  S[1]     ; clk        ; 5.844 ; 5.818 ; Rise       ; clk             ;
;  S[2]     ; clk        ; 5.430 ; 5.312 ; Rise       ; clk             ;
;  S[3]     ; clk        ; 5.329 ; 5.251 ; Rise       ; clk             ;
+-----------+------------+-------+-------+------------+-----------------+


+----------------------------------------------------------+
; Propagation Delay                                        ;
+------------+-------------+-------+-------+-------+-------+
; Input Port ; Output Port ; RR    ; RF    ; FR    ; FF    ;
+------------+-------------+-------+-------+-------+-------+
; ExtLOADA   ; LOAD_A      ; 5.889 ;       ;       ; 5.821 ;
; OPCODE[0]  ; LOAD_A      ; 6.993 ; 6.841 ; 7.340 ; 7.180 ;
; OPCODE[1]  ; LOAD_A      ; 6.993 ; 6.810 ; 7.287 ; 7.190 ;
; OPCODE[2]  ; LOAD_A      ; 5.860 ;       ;       ; 5.840 ;
+------------+-------------+-------+-------+-------+-------+


+----------------------------------------------------------+
; Minimum Propagation Delay                                ;
+------------+-------------+-------+-------+-------+-------+
; Input Port ; Output Port ; RR    ; RF    ; FR    ; FF    ;
+------------+-------------+-------+-------+-------+-------+
; ExtLOADA   ; LOAD_A      ; 5.645 ;       ;       ; 5.604 ;
; OPCODE[0]  ; LOAD_A      ; 6.760 ; 6.609 ; 7.098 ; 6.941 ;
; OPCODE[1]  ; LOAD_A      ; 6.758 ; 6.578 ; 7.048 ; 6.949 ;
; OPCODE[2]  ; LOAD_A      ; 5.674 ;       ;       ; 5.658 ;
+------------+-------------+-------+-------+-------+-------+


---------------------------------------------
; Slow 1200mV 0C Model Metastability Report ;
---------------------------------------------
No synchronizer chains to report.


+------------------------------------+
; Fast 1200mV 0C Model Setup Summary ;
+-------+--------+-------------------+
; Clock ; Slack  ; End Point TNS     ;
+-------+--------+-------------------+
; clk   ; -0.479 ; -2.109            ;
+-------+--------+-------------------+


+-----------------------------------+
; Fast 1200mV 0C Model Hold Summary ;
+-------+-------+-------------------+
; Clock ; Slack ; End Point TNS     ;
+-------+-------+-------------------+
; clk   ; 0.305 ; 0.000             ;
+-------+-------+-------------------+


-----------------------------------------
; Fast 1200mV 0C Model Recovery Summary ;
-----------------------------------------
No paths to report.


----------------------------------------
; Fast 1200mV 0C Model Removal Summary ;
----------------------------------------
No paths to report.


+--------------------------------------------------+
; Fast 1200mV 0C Model Minimum Pulse Width Summary ;
+-------+--------+---------------------------------+
; Clock ; Slack  ; End Point TNS                   ;
+-------+--------+---------------------------------+
; clk   ; -3.000 ; -15.436                         ;
+-------+--------+---------------------------------+


+----------------------------------------------------------------------------------------------------------------------------------------------------------------------+
; Fast 1200mV 0C Model Setup: 'clk'                                                                                                                                    ;
+--------+-------------------------------------------+-------------------------------------------+--------------+-------------+--------------+------------+------------+
; Slack  ; From Node                                 ; To Node                                   ; Launch Clock ; Latch Clock ; Relationship ; Clock Skew ; Data Delay ;
+--------+-------------------------------------------+-------------------------------------------+--------------+-------------+--------------+------------+------------+
; -0.479 ; Registro4Bits:REGA|bitRegistro:inst3|inst ; Registro4Bits:REGA|bitRegistro:inst1|inst ; clk          ; clk         ; 1.000        ; -0.037     ; 1.429      ;
; -0.474 ; Registro4Bits:REGA|bitRegistro:inst2|inst ; Registro4Bits:REGA|bitRegistro:inst1|inst ; clk          ; clk         ; 1.000        ; -0.037     ; 1.424      ;
; -0.465 ; Registro4Bits:REGB|bitRegistro:inst3|inst ; Registro4Bits:REGA|bitRegistro:inst1|inst ; clk          ; clk         ; 1.000        ; -0.038     ; 1.414      ;
; -0.409 ; Registro4Bits:REGA|bitRegistro:inst4|inst ; Registro4Bits:REGA|bitRegistro:inst1|inst ; clk          ; clk         ; 1.000        ; -0.037     ; 1.359      ;
; -0.385 ; Registro4Bits:REGA|bitRegistro:inst3|inst ; Registro4Bits:REGA|bitRegistro:inst2|inst ; clk          ; clk         ; 1.000        ; -0.037     ; 1.335      ;
; -0.371 ; Registro4Bits:REGB|bitRegistro:inst3|inst ; Registro4Bits:REGA|bitRegistro:inst2|inst ; clk          ; clk         ; 1.000        ; -0.038     ; 1.320      ;
; -0.369 ; Registro4Bits:REGA|bitRegistro:inst1|inst ; Registro4Bits:REGA|bitRegistro:inst2|inst ; clk          ; clk         ; 1.000        ; -0.037     ; 1.319      ;
; -0.367 ; Registro4Bits:REGA|bitRegistro:inst2|inst ; Registro4Bits:REGA|bitRegistro:inst2|inst ; clk          ; clk         ; 1.000        ; -0.037     ; 1.317      ;
; -0.359 ; Registro4Bits:REGA|bitRegistro:inst3|inst ; Registro4Bits:REGF|bitRegistro:inst2|inst ; clk          ; clk         ; 1.000        ; 0.151      ; 1.497      ;
; -0.354 ; Registro4Bits:REGA|bitRegistro:inst2|inst ; Registro4Bits:REGF|bitRegistro:inst2|inst ; clk          ; clk         ; 1.000        ; 0.151      ; 1.492      ;
; -0.345 ; Registro4Bits:REGB|bitRegistro:inst3|inst ; Registro4Bits:REGF|bitRegistro:inst2|inst ; clk          ; clk         ; 1.000        ; 0.150      ; 1.482      ;
; -0.324 ; Registro4Bits:REGA|bitRegistro:inst3|inst ; Registro4Bits:REGA|bitRegistro:inst4|inst ; clk          ; clk         ; 1.000        ; -0.037     ; 1.274      ;
; -0.319 ; Registro4Bits:REGA|bitRegistro:inst2|inst ; Registro4Bits:REGA|bitRegistro:inst4|inst ; clk          ; clk         ; 1.000        ; -0.037     ; 1.269      ;
; -0.313 ; Registro4Bits:REGA|bitRegistro:inst1|inst ; Registro4Bits:REGA|bitRegistro:inst1|inst ; clk          ; clk         ; 1.000        ; -0.037     ; 1.263      ;
; -0.310 ; Registro4Bits:REGB|bitRegistro:inst3|inst ; Registro4Bits:REGA|bitRegistro:inst4|inst ; clk          ; clk         ; 1.000        ; -0.038     ; 1.259      ;
; -0.289 ; Registro4Bits:REGA|bitRegistro:inst4|inst ; Registro4Bits:REGF|bitRegistro:inst2|inst ; clk          ; clk         ; 1.000        ; 0.151      ; 1.427      ;
; -0.288 ; Registro4Bits:REGB|bitRegistro:inst2|inst ; Registro4Bits:REGA|bitRegistro:inst1|inst ; clk          ; clk         ; 1.000        ; -0.038     ; 1.237      ;
; -0.286 ; Registro4Bits:REGB|bitRegistro:inst4|inst ; Registro4Bits:REGA|bitRegistro:inst4|inst ; clk          ; clk         ; 1.000        ; -0.037     ; 1.236      ;
; -0.230 ; Registro4Bits:REGB|bitRegistro:inst1|inst ; Registro4Bits:REGA|bitRegistro:inst1|inst ; clk          ; clk         ; 1.000        ; -0.038     ; 1.179      ;
; -0.219 ; Registro4Bits:REGB|bitRegistro:inst3|inst ; Registro4Bits:REGA|bitRegistro:inst3|inst ; clk          ; clk         ; 1.000        ; -0.038     ; 1.168      ;
; -0.194 ; Registro4Bits:REGB|bitRegistro:inst2|inst ; Registro4Bits:REGA|bitRegistro:inst2|inst ; clk          ; clk         ; 1.000        ; -0.038     ; 1.143      ;
; -0.193 ; Registro4Bits:REGA|bitRegistro:inst1|inst ; Registro4Bits:REGF|bitRegistro:inst2|inst ; clk          ; clk         ; 1.000        ; 0.151      ; 1.331      ;
; -0.192 ; Registro4Bits:REGB|bitRegistro:inst4|inst ; Registro4Bits:REGF|bitRegistro:inst2|inst ; clk          ; clk         ; 1.000        ; 0.151      ; 1.330      ;
; -0.168 ; Registro4Bits:REGB|bitRegistro:inst2|inst ; Registro4Bits:REGF|bitRegistro:inst2|inst ; clk          ; clk         ; 1.000        ; 0.150      ; 1.305      ;
; -0.143 ; Registro4Bits:REGA|bitRegistro:inst3|inst ; Registro4Bits:REGF|bitRegistro:inst4|inst ; clk          ; clk         ; 1.000        ; -0.036     ; 1.094      ;
; -0.140 ; Registro4Bits:REGA|bitRegistro:inst3|inst ; Registro4Bits:REGF|bitRegistro:inst3|inst ; clk          ; clk         ; 1.000        ; -0.036     ; 1.091      ;
; -0.138 ; Registro4Bits:REGA|bitRegistro:inst2|inst ; Registro4Bits:REGF|bitRegistro:inst4|inst ; clk          ; clk         ; 1.000        ; -0.036     ; 1.089      ;
; -0.136 ; Registro4Bits:REGA|bitRegistro:inst1|inst ; Registro4Bits:REGA|bitRegistro:inst4|inst ; clk          ; clk         ; 1.000        ; -0.037     ; 1.086      ;
; -0.135 ; Registro4Bits:REGA|bitRegistro:inst2|inst ; Registro4Bits:REGF|bitRegistro:inst3|inst ; clk          ; clk         ; 1.000        ; -0.036     ; 1.086      ;
; -0.133 ; Registro4Bits:REGB|bitRegistro:inst2|inst ; Registro4Bits:REGA|bitRegistro:inst4|inst ; clk          ; clk         ; 1.000        ; -0.038     ; 1.082      ;
; -0.129 ; Registro4Bits:REGB|bitRegistro:inst3|inst ; Registro4Bits:REGF|bitRegistro:inst4|inst ; clk          ; clk         ; 1.000        ; -0.037     ; 1.079      ;
; -0.126 ; Registro4Bits:REGB|bitRegistro:inst3|inst ; Registro4Bits:REGF|bitRegistro:inst3|inst ; clk          ; clk         ; 1.000        ; -0.037     ; 1.076      ;
; -0.120 ; Registro4Bits:REGA|bitRegistro:inst3|inst ; Registro4Bits:REGA|bitRegistro:inst3|inst ; clk          ; clk         ; 1.000        ; -0.037     ; 1.070      ;
; -0.116 ; Registro4Bits:REGA|bitRegistro:inst4|inst ; Registro4Bits:REGA|bitRegistro:inst4|inst ; clk          ; clk         ; 1.000        ; -0.037     ; 1.066      ;
; -0.110 ; Registro4Bits:REGB|bitRegistro:inst1|inst ; Registro4Bits:REGF|bitRegistro:inst2|inst ; clk          ; clk         ; 1.000        ; 0.150      ; 1.247      ;
; -0.060 ; Registro4Bits:REGA|bitRegistro:inst3|inst ; Registro4Bits:REGF|bitRegistro:inst1|inst ; clk          ; clk         ; 1.000        ; 0.151      ; 1.198      ;
; -0.055 ; Registro4Bits:REGA|bitRegistro:inst2|inst ; Registro4Bits:REGF|bitRegistro:inst1|inst ; clk          ; clk         ; 1.000        ; 0.151      ; 1.193      ;
; -0.046 ; Registro4Bits:REGB|bitRegistro:inst3|inst ; Registro4Bits:REGF|bitRegistro:inst1|inst ; clk          ; clk         ; 1.000        ; 0.150      ; 1.183      ;
; -0.043 ; Registro4Bits:REGB|bitRegistro:inst1|inst ; Registro4Bits:REGA|bitRegistro:inst4|inst ; clk          ; clk         ; 1.000        ; -0.038     ; 0.992      ;
; -0.022 ; Registro4Bits:REGB|bitRegistro:inst4|inst ; Registro4Bits:REGF|bitRegistro:inst1|inst ; clk          ; clk         ; 1.000        ; 0.151      ; 1.160      ;
; 0.045  ; Registro4Bits:REGA|bitRegistro:inst1|inst ; Registro4Bits:REGF|bitRegistro:inst4|inst ; clk          ; clk         ; 1.000        ; -0.036     ; 0.906      ;
; 0.048  ; Registro4Bits:REGB|bitRegistro:inst2|inst ; Registro4Bits:REGF|bitRegistro:inst4|inst ; clk          ; clk         ; 1.000        ; -0.037     ; 0.902      ;
; 0.048  ; Registro4Bits:REGA|bitRegistro:inst1|inst ; Registro4Bits:REGF|bitRegistro:inst3|inst ; clk          ; clk         ; 1.000        ; -0.036     ; 0.903      ;
; 0.051  ; Registro4Bits:REGB|bitRegistro:inst2|inst ; Registro4Bits:REGF|bitRegistro:inst3|inst ; clk          ; clk         ; 1.000        ; -0.037     ; 0.899      ;
; 0.128  ; Registro4Bits:REGA|bitRegistro:inst1|inst ; Registro4Bits:REGF|bitRegistro:inst1|inst ; clk          ; clk         ; 1.000        ; 0.151      ; 1.010      ;
; 0.131  ; Registro4Bits:REGB|bitRegistro:inst2|inst ; Registro4Bits:REGF|bitRegistro:inst1|inst ; clk          ; clk         ; 1.000        ; 0.150      ; 1.006      ;
; 0.137  ; Registro4Bits:REGA|bitRegistro:inst2|inst ; Registro4Bits:REGA|bitRegistro:inst3|inst ; clk          ; clk         ; 1.000        ; -0.037     ; 0.813      ;
; 0.145  ; Registro4Bits:REGB|bitRegistro:inst1|inst ; Registro4Bits:REGF|bitRegistro:inst4|inst ; clk          ; clk         ; 1.000        ; -0.037     ; 0.805      ;
; 0.148  ; Registro4Bits:REGA|bitRegistro:inst4|inst ; Registro4Bits:REGF|bitRegistro:inst1|inst ; clk          ; clk         ; 1.000        ; 0.151      ; 0.990      ;
; 0.158  ; Registro4Bits:REGB|bitRegistro:inst1|inst ; Registro4Bits:REGF|bitRegistro:inst3|inst ; clk          ; clk         ; 1.000        ; -0.037     ; 0.792      ;
; 0.179  ; Registro4Bits:REGA|bitRegistro:inst4|inst ; Registro4Bits:REGF|bitRegistro:inst4|inst ; clk          ; clk         ; 1.000        ; -0.036     ; 0.772      ;
; 0.182  ; Registro4Bits:REGA|bitRegistro:inst4|inst ; Registro4Bits:REGF|bitRegistro:inst3|inst ; clk          ; clk         ; 1.000        ; -0.036     ; 0.769      ;
; 0.198  ; Registro4Bits:REGB|bitRegistro:inst4|inst ; Registro4Bits:REGF|bitRegistro:inst3|inst ; clk          ; clk         ; 1.000        ; -0.036     ; 0.753      ;
; 0.202  ; Registro4Bits:REGB|bitRegistro:inst4|inst ; Registro4Bits:REGF|bitRegistro:inst4|inst ; clk          ; clk         ; 1.000        ; -0.036     ; 0.749      ;
; 0.221  ; Registro4Bits:REGB|bitRegistro:inst1|inst ; Registro4Bits:REGF|bitRegistro:inst1|inst ; clk          ; clk         ; 1.000        ; 0.150      ; 0.916      ;
+--------+-------------------------------------------+-------------------------------------------+--------------+-------------+--------------+------------+------------+


+---------------------------------------------------------------------------------------------------------------------------------------------------------------------+
; Fast 1200mV 0C Model Hold: 'clk'                                                                                                                                    ;
+-------+-------------------------------------------+-------------------------------------------+--------------+-------------+--------------+------------+------------+
; Slack ; From Node                                 ; To Node                                   ; Launch Clock ; Latch Clock ; Relationship ; Clock Skew ; Data Delay ;
+-------+-------------------------------------------+-------------------------------------------+--------------+-------------+--------------+------------+------------+
; 0.305 ; Registro4Bits:REGB|bitRegistro:inst4|inst ; Registro4Bits:REGF|bitRegistro:inst1|inst ; clk          ; clk         ; 0.000        ; 0.232      ; 0.621      ;
; 0.352 ; Registro4Bits:REGA|bitRegistro:inst4|inst ; Registro4Bits:REGF|bitRegistro:inst1|inst ; clk          ; clk         ; 0.000        ; 0.232      ; 0.668      ;
; 0.450 ; Registro4Bits:REGB|bitRegistro:inst1|inst ; Registro4Bits:REGF|bitRegistro:inst1|inst ; clk          ; clk         ; 0.000        ; 0.231      ; 0.765      ;
; 0.458 ; Registro4Bits:REGA|bitRegistro:inst4|inst ; Registro4Bits:REGA|bitRegistro:inst4|inst ; clk          ; clk         ; 0.000        ; 0.037      ; 0.579      ;
; 0.463 ; Registro4Bits:REGB|bitRegistro:inst4|inst ; Registro4Bits:REGF|bitRegistro:inst2|inst ; clk          ; clk         ; 0.000        ; 0.232      ; 0.779      ;
; 0.494 ; Registro4Bits:REGB|bitRegistro:inst4|inst ; Registro4Bits:REGF|bitRegistro:inst4|inst ; clk          ; clk         ; 0.000        ; 0.038      ; 0.616      ;
; 0.497 ; Registro4Bits:REGB|bitRegistro:inst4|inst ; Registro4Bits:REGF|bitRegistro:inst3|inst ; clk          ; clk         ; 0.000        ; 0.038      ; 0.619      ;
; 0.503 ; Registro4Bits:REGA|bitRegistro:inst4|inst ; Registro4Bits:REGF|bitRegistro:inst3|inst ; clk          ; clk         ; 0.000        ; 0.038      ; 0.625      ;
; 0.515 ; Registro4Bits:REGB|bitRegistro:inst4|inst ; Registro4Bits:REGA|bitRegistro:inst4|inst ; clk          ; clk         ; 0.000        ; 0.037      ; 0.636      ;
; 0.516 ; Registro4Bits:REGA|bitRegistro:inst4|inst ; Registro4Bits:REGF|bitRegistro:inst4|inst ; clk          ; clk         ; 0.000        ; 0.038      ; 0.638      ;
; 0.523 ; Registro4Bits:REGA|bitRegistro:inst4|inst ; Registro4Bits:REGF|bitRegistro:inst2|inst ; clk          ; clk         ; 0.000        ; 0.232      ; 0.839      ;
; 0.540 ; Registro4Bits:REGA|bitRegistro:inst3|inst ; Registro4Bits:REGA|bitRegistro:inst3|inst ; clk          ; clk         ; 0.000        ; 0.037      ; 0.661      ;
; 0.548 ; Registro4Bits:REGB|bitRegistro:inst1|inst ; Registro4Bits:REGF|bitRegistro:inst3|inst ; clk          ; clk         ; 0.000        ; 0.037      ; 0.669      ;
; 0.550 ; Registro4Bits:REGB|bitRegistro:inst1|inst ; Registro4Bits:REGF|bitRegistro:inst4|inst ; clk          ; clk         ; 0.000        ; 0.037      ; 0.671      ;
; 0.556 ; Registro4Bits:REGB|bitRegistro:inst2|inst ; Registro4Bits:REGF|bitRegistro:inst1|inst ; clk          ; clk         ; 0.000        ; 0.231      ; 0.871      ;
; 0.563 ; Registro4Bits:REGA|bitRegistro:inst1|inst ; Registro4Bits:REGF|bitRegistro:inst1|inst ; clk          ; clk         ; 0.000        ; 0.232      ; 0.879      ;
; 0.563 ; Registro4Bits:REGA|bitRegistro:inst3|inst ; Registro4Bits:REGF|bitRegistro:inst2|inst ; clk          ; clk         ; 0.000        ; 0.232      ; 0.879      ;
; 0.583 ; Registro4Bits:REGA|bitRegistro:inst2|inst ; Registro4Bits:REGA|bitRegistro:inst3|inst ; clk          ; clk         ; 0.000        ; 0.037      ; 0.704      ;
; 0.587 ; Registro4Bits:REGB|bitRegistro:inst1|inst ; Registro4Bits:REGF|bitRegistro:inst2|inst ; clk          ; clk         ; 0.000        ; 0.231      ; 0.902      ;
; 0.596 ; Registro4Bits:REGB|bitRegistro:inst2|inst ; Registro4Bits:REGF|bitRegistro:inst2|inst ; clk          ; clk         ; 0.000        ; 0.231      ; 0.911      ;
; 0.606 ; Registro4Bits:REGA|bitRegistro:inst2|inst ; Registro4Bits:REGF|bitRegistro:inst2|inst ; clk          ; clk         ; 0.000        ; 0.232      ; 0.922      ;
; 0.654 ; Registro4Bits:REGB|bitRegistro:inst2|inst ; Registro4Bits:REGF|bitRegistro:inst3|inst ; clk          ; clk         ; 0.000        ; 0.037      ; 0.775      ;
; 0.656 ; Registro4Bits:REGB|bitRegistro:inst2|inst ; Registro4Bits:REGF|bitRegistro:inst4|inst ; clk          ; clk         ; 0.000        ; 0.037      ; 0.777      ;
; 0.661 ; Registro4Bits:REGA|bitRegistro:inst1|inst ; Registro4Bits:REGF|bitRegistro:inst3|inst ; clk          ; clk         ; 0.000        ; 0.038      ; 0.783      ;
; 0.663 ; Registro4Bits:REGA|bitRegistro:inst1|inst ; Registro4Bits:REGF|bitRegistro:inst4|inst ; clk          ; clk         ; 0.000        ; 0.038      ; 0.785      ;
; 0.680 ; Registro4Bits:REGA|bitRegistro:inst1|inst ; Registro4Bits:REGF|bitRegistro:inst2|inst ; clk          ; clk         ; 0.000        ; 0.232      ; 0.996      ;
; 0.684 ; Registro4Bits:REGA|bitRegistro:inst2|inst ; Registro4Bits:REGF|bitRegistro:inst1|inst ; clk          ; clk         ; 0.000        ; 0.232      ; 1.000      ;
; 0.701 ; Registro4Bits:REGB|bitRegistro:inst1|inst ; Registro4Bits:REGA|bitRegistro:inst1|inst ; clk          ; clk         ; 0.000        ; 0.036      ; 0.821      ;
; 0.713 ; Registro4Bits:REGB|bitRegistro:inst1|inst ; Registro4Bits:REGA|bitRegistro:inst4|inst ; clk          ; clk         ; 0.000        ; 0.036      ; 0.833      ;
; 0.715 ; Registro4Bits:REGB|bitRegistro:inst3|inst ; Registro4Bits:REGF|bitRegistro:inst1|inst ; clk          ; clk         ; 0.000        ; 0.231      ; 1.030      ;
; 0.718 ; Registro4Bits:REGB|bitRegistro:inst3|inst ; Registro4Bits:REGA|bitRegistro:inst3|inst ; clk          ; clk         ; 0.000        ; 0.036      ; 0.838      ;
; 0.734 ; Registro4Bits:REGA|bitRegistro:inst3|inst ; Registro4Bits:REGF|bitRegistro:inst1|inst ; clk          ; clk         ; 0.000        ; 0.232      ; 1.050      ;
; 0.741 ; Registro4Bits:REGB|bitRegistro:inst3|inst ; Registro4Bits:REGF|bitRegistro:inst2|inst ; clk          ; clk         ; 0.000        ; 0.231      ; 1.056      ;
; 0.782 ; Registro4Bits:REGA|bitRegistro:inst2|inst ; Registro4Bits:REGF|bitRegistro:inst3|inst ; clk          ; clk         ; 0.000        ; 0.038      ; 0.904      ;
; 0.784 ; Registro4Bits:REGA|bitRegistro:inst2|inst ; Registro4Bits:REGF|bitRegistro:inst4|inst ; clk          ; clk         ; 0.000        ; 0.038      ; 0.906      ;
; 0.794 ; Registro4Bits:REGA|bitRegistro:inst1|inst ; Registro4Bits:REGA|bitRegistro:inst1|inst ; clk          ; clk         ; 0.000        ; 0.037      ; 0.915      ;
; 0.807 ; Registro4Bits:REGB|bitRegistro:inst2|inst ; Registro4Bits:REGA|bitRegistro:inst2|inst ; clk          ; clk         ; 0.000        ; 0.036      ; 0.927      ;
; 0.813 ; Registro4Bits:REGB|bitRegistro:inst3|inst ; Registro4Bits:REGF|bitRegistro:inst3|inst ; clk          ; clk         ; 0.000        ; 0.037      ; 0.934      ;
; 0.815 ; Registro4Bits:REGB|bitRegistro:inst3|inst ; Registro4Bits:REGF|bitRegistro:inst4|inst ; clk          ; clk         ; 0.000        ; 0.037      ; 0.936      ;
; 0.819 ; Registro4Bits:REGB|bitRegistro:inst2|inst ; Registro4Bits:REGA|bitRegistro:inst4|inst ; clk          ; clk         ; 0.000        ; 0.036      ; 0.939      ;
; 0.826 ; Registro4Bits:REGA|bitRegistro:inst1|inst ; Registro4Bits:REGA|bitRegistro:inst4|inst ; clk          ; clk         ; 0.000        ; 0.037      ; 0.947      ;
; 0.832 ; Registro4Bits:REGA|bitRegistro:inst3|inst ; Registro4Bits:REGF|bitRegistro:inst3|inst ; clk          ; clk         ; 0.000        ; 0.038      ; 0.954      ;
; 0.834 ; Registro4Bits:REGA|bitRegistro:inst3|inst ; Registro4Bits:REGF|bitRegistro:inst4|inst ; clk          ; clk         ; 0.000        ; 0.038      ; 0.956      ;
; 0.875 ; Registro4Bits:REGA|bitRegistro:inst2|inst ; Registro4Bits:REGA|bitRegistro:inst2|inst ; clk          ; clk         ; 0.000        ; 0.037      ; 0.996      ;
; 0.947 ; Registro4Bits:REGA|bitRegistro:inst2|inst ; Registro4Bits:REGA|bitRegistro:inst4|inst ; clk          ; clk         ; 0.000        ; 0.037      ; 1.068      ;
; 0.954 ; Registro4Bits:REGB|bitRegistro:inst2|inst ; Registro4Bits:REGA|bitRegistro:inst1|inst ; clk          ; clk         ; 0.000        ; 0.036      ; 1.074      ;
; 0.971 ; Registro4Bits:REGA|bitRegistro:inst1|inst ; Registro4Bits:REGA|bitRegistro:inst2|inst ; clk          ; clk         ; 0.000        ; 0.037      ; 1.092      ;
; 0.978 ; Registro4Bits:REGB|bitRegistro:inst3|inst ; Registro4Bits:REGA|bitRegistro:inst4|inst ; clk          ; clk         ; 0.000        ; 0.036      ; 1.098      ;
; 0.997 ; Registro4Bits:REGA|bitRegistro:inst3|inst ; Registro4Bits:REGA|bitRegistro:inst4|inst ; clk          ; clk         ; 0.000        ; 0.037      ; 1.118      ;
; 1.018 ; Registro4Bits:REGA|bitRegistro:inst4|inst ; Registro4Bits:REGA|bitRegistro:inst1|inst ; clk          ; clk         ; 0.000        ; 0.037      ; 1.139      ;
; 1.031 ; Registro4Bits:REGB|bitRegistro:inst3|inst ; Registro4Bits:REGA|bitRegistro:inst2|inst ; clk          ; clk         ; 0.000        ; 0.036      ; 1.151      ;
; 1.050 ; Registro4Bits:REGA|bitRegistro:inst3|inst ; Registro4Bits:REGA|bitRegistro:inst2|inst ; clk          ; clk         ; 0.000        ; 0.037      ; 1.171      ;
; 1.082 ; Registro4Bits:REGA|bitRegistro:inst2|inst ; Registro4Bits:REGA|bitRegistro:inst1|inst ; clk          ; clk         ; 0.000        ; 0.037      ; 1.203      ;
; 1.113 ; Registro4Bits:REGB|bitRegistro:inst3|inst ; Registro4Bits:REGA|bitRegistro:inst1|inst ; clk          ; clk         ; 0.000        ; 0.036      ; 1.233      ;
; 1.132 ; Registro4Bits:REGA|bitRegistro:inst3|inst ; Registro4Bits:REGA|bitRegistro:inst1|inst ; clk          ; clk         ; 0.000        ; 0.037      ; 1.253      ;
+-------+-------------------------------------------+-------------------------------------------+--------------+-------------+--------------+------------+------------+


+----------------------------------------------------------------------------------------------------------------------------+
; Fast 1200mV 0C Model Minimum Pulse Width: 'clk'                                                                            ;
+--------+--------------+----------------+------------------+-------+------------+-------------------------------------------+
; Slack  ; Actual Width ; Required Width ; Type             ; Clock ; Clock Edge ; Target                                    ;
+--------+--------------+----------------+------------------+-------+------------+-------------------------------------------+
; -3.000 ; 1.000        ; 4.000          ; Port Rate        ; clk   ; Rise       ; clk                                       ;
; -1.000 ; 1.000        ; 2.000          ; Min Period       ; clk   ; Rise       ; Registro4Bits:REGA|bitRegistro:inst1|inst ;
; -1.000 ; 1.000        ; 2.000          ; Min Period       ; clk   ; Rise       ; Registro4Bits:REGA|bitRegistro:inst2|inst ;
; -1.000 ; 1.000        ; 2.000          ; Min Period       ; clk   ; Rise       ; Registro4Bits:REGA|bitRegistro:inst3|inst ;
; -1.000 ; 1.000        ; 2.000          ; Min Period       ; clk   ; Rise       ; Registro4Bits:REGA|bitRegistro:inst4|inst ;
; -1.000 ; 1.000        ; 2.000          ; Min Period       ; clk   ; Rise       ; Registro4Bits:REGB|bitRegistro:inst1|inst ;
; -1.000 ; 1.000        ; 2.000          ; Min Period       ; clk   ; Rise       ; Registro4Bits:REGB|bitRegistro:inst2|inst ;
; -1.000 ; 1.000        ; 2.000          ; Min Period       ; clk   ; Rise       ; Registro4Bits:REGB|bitRegistro:inst3|inst ;
; -1.000 ; 1.000        ; 2.000          ; Min Period       ; clk   ; Rise       ; Registro4Bits:REGB|bitRegistro:inst4|inst ;
; -1.000 ; 1.000        ; 2.000          ; Min Period       ; clk   ; Rise       ; Registro4Bits:REGF|bitRegistro:inst1|inst ;
; -1.000 ; 1.000        ; 2.000          ; Min Period       ; clk   ; Rise       ; Registro4Bits:REGF|bitRegistro:inst2|inst ;
; -1.000 ; 1.000        ; 2.000          ; Min Period       ; clk   ; Rise       ; Registro4Bits:REGF|bitRegistro:inst3|inst ;
; -1.000 ; 1.000        ; 2.000          ; Min Period       ; clk   ; Rise       ; Registro4Bits:REGF|bitRegistro:inst4|inst ;
; -0.058 ; 0.126        ; 0.184          ; Low Pulse Width  ; clk   ; Rise       ; Registro4Bits:REGF|bitRegistro:inst1|inst ;
; -0.058 ; 0.126        ; 0.184          ; Low Pulse Width  ; clk   ; Rise       ; Registro4Bits:REGF|bitRegistro:inst2|inst ;
; -0.032 ; 0.152        ; 0.184          ; Low Pulse Width  ; clk   ; Rise       ; Registro4Bits:REGA|bitRegistro:inst1|inst ;
; -0.032 ; 0.152        ; 0.184          ; Low Pulse Width  ; clk   ; Rise       ; Registro4Bits:REGA|bitRegistro:inst2|inst ;
; -0.032 ; 0.152        ; 0.184          ; Low Pulse Width  ; clk   ; Rise       ; Registro4Bits:REGA|bitRegistro:inst3|inst ;
; -0.032 ; 0.152        ; 0.184          ; Low Pulse Width  ; clk   ; Rise       ; Registro4Bits:REGA|bitRegistro:inst4|inst ;
; -0.032 ; 0.152        ; 0.184          ; Low Pulse Width  ; clk   ; Rise       ; Registro4Bits:REGB|bitRegistro:inst1|inst ;
; -0.032 ; 0.152        ; 0.184          ; Low Pulse Width  ; clk   ; Rise       ; Registro4Bits:REGB|bitRegistro:inst2|inst ;
; -0.032 ; 0.152        ; 0.184          ; Low Pulse Width  ; clk   ; Rise       ; Registro4Bits:REGB|bitRegistro:inst3|inst ;
; -0.032 ; 0.152        ; 0.184          ; Low Pulse Width  ; clk   ; Rise       ; Registro4Bits:REGB|bitRegistro:inst4|inst ;
; -0.032 ; 0.152        ; 0.184          ; Low Pulse Width  ; clk   ; Rise       ; Registro4Bits:REGF|bitRegistro:inst3|inst ;
; -0.032 ; 0.152        ; 0.184          ; Low Pulse Width  ; clk   ; Rise       ; Registro4Bits:REGF|bitRegistro:inst4|inst ;
; 0.122  ; 0.122        ; 0.000          ; Low Pulse Width  ; clk   ; Rise       ; REGF|inst1|inst|clk                       ;
; 0.122  ; 0.122        ; 0.000          ; Low Pulse Width  ; clk   ; Rise       ; REGF|inst2|inst|clk                       ;
; 0.125  ; 0.125        ; 0.000          ; Low Pulse Width  ; clk   ; Rise       ; clk~input|o                               ;
; 0.139  ; 0.139        ; 0.000          ; Low Pulse Width  ; clk   ; Rise       ; clk~inputclkctrl|inclk[0]                 ;
; 0.139  ; 0.139        ; 0.000          ; Low Pulse Width  ; clk   ; Rise       ; clk~inputclkctrl|outclk                   ;
; 0.147  ; 0.147        ; 0.000          ; Low Pulse Width  ; clk   ; Rise       ; REGA|inst1|inst|clk                       ;
; 0.147  ; 0.147        ; 0.000          ; Low Pulse Width  ; clk   ; Rise       ; REGA|inst2|inst|clk                       ;
; 0.147  ; 0.147        ; 0.000          ; Low Pulse Width  ; clk   ; Rise       ; REGA|inst3|inst|clk                       ;
; 0.147  ; 0.147        ; 0.000          ; Low Pulse Width  ; clk   ; Rise       ; REGA|inst4|inst|clk                       ;
; 0.147  ; 0.147        ; 0.000          ; Low Pulse Width  ; clk   ; Rise       ; REGB|inst4|inst|clk                       ;
; 0.148  ; 0.148        ; 0.000          ; Low Pulse Width  ; clk   ; Rise       ; REGB|inst1|inst|clk                       ;
; 0.148  ; 0.148        ; 0.000          ; Low Pulse Width  ; clk   ; Rise       ; REGB|inst2|inst|clk                       ;
; 0.148  ; 0.148        ; 0.000          ; Low Pulse Width  ; clk   ; Rise       ; REGB|inst3|inst|clk                       ;
; 0.148  ; 0.148        ; 0.000          ; Low Pulse Width  ; clk   ; Rise       ; REGF|inst3|inst|clk                       ;
; 0.148  ; 0.148        ; 0.000          ; Low Pulse Width  ; clk   ; Rise       ; REGF|inst4|inst|clk                       ;
; 0.500  ; 0.500        ; 0.000          ; High Pulse Width ; clk   ; Rise       ; clk~input|i                               ;
; 0.500  ; 0.500        ; 0.000          ; Low Pulse Width  ; clk   ; Rise       ; clk~input|i                               ;
; 0.630  ; 0.846        ; 0.216          ; High Pulse Width ; clk   ; Rise       ; Registro4Bits:REGB|bitRegistro:inst1|inst ;
; 0.630  ; 0.846        ; 0.216          ; High Pulse Width ; clk   ; Rise       ; Registro4Bits:REGB|bitRegistro:inst2|inst ;
; 0.630  ; 0.846        ; 0.216          ; High Pulse Width ; clk   ; Rise       ; Registro4Bits:REGB|bitRegistro:inst3|inst ;
; 0.630  ; 0.846        ; 0.216          ; High Pulse Width ; clk   ; Rise       ; Registro4Bits:REGF|bitRegistro:inst3|inst ;
; 0.630  ; 0.846        ; 0.216          ; High Pulse Width ; clk   ; Rise       ; Registro4Bits:REGF|bitRegistro:inst4|inst ;
; 0.631  ; 0.847        ; 0.216          ; High Pulse Width ; clk   ; Rise       ; Registro4Bits:REGA|bitRegistro:inst1|inst ;
; 0.631  ; 0.847        ; 0.216          ; High Pulse Width ; clk   ; Rise       ; Registro4Bits:REGA|bitRegistro:inst2|inst ;
; 0.631  ; 0.847        ; 0.216          ; High Pulse Width ; clk   ; Rise       ; Registro4Bits:REGA|bitRegistro:inst3|inst ;
; 0.631  ; 0.847        ; 0.216          ; High Pulse Width ; clk   ; Rise       ; Registro4Bits:REGA|bitRegistro:inst4|inst ;
; 0.631  ; 0.847        ; 0.216          ; High Pulse Width ; clk   ; Rise       ; Registro4Bits:REGB|bitRegistro:inst4|inst ;
; 0.655  ; 0.871        ; 0.216          ; High Pulse Width ; clk   ; Rise       ; Registro4Bits:REGF|bitRegistro:inst1|inst ;
; 0.655  ; 0.871        ; 0.216          ; High Pulse Width ; clk   ; Rise       ; Registro4Bits:REGF|bitRegistro:inst2|inst ;
; 0.852  ; 0.852        ; 0.000          ; High Pulse Width ; clk   ; Rise       ; REGA|inst1|inst|clk                       ;
; 0.852  ; 0.852        ; 0.000          ; High Pulse Width ; clk   ; Rise       ; REGA|inst2|inst|clk                       ;
; 0.852  ; 0.852        ; 0.000          ; High Pulse Width ; clk   ; Rise       ; REGA|inst3|inst|clk                       ;
; 0.852  ; 0.852        ; 0.000          ; High Pulse Width ; clk   ; Rise       ; REGA|inst4|inst|clk                       ;
; 0.852  ; 0.852        ; 0.000          ; High Pulse Width ; clk   ; Rise       ; REGB|inst1|inst|clk                       ;
; 0.852  ; 0.852        ; 0.000          ; High Pulse Width ; clk   ; Rise       ; REGB|inst2|inst|clk                       ;
; 0.852  ; 0.852        ; 0.000          ; High Pulse Width ; clk   ; Rise       ; REGB|inst3|inst|clk                       ;
; 0.852  ; 0.852        ; 0.000          ; High Pulse Width ; clk   ; Rise       ; REGB|inst4|inst|clk                       ;
; 0.852  ; 0.852        ; 0.000          ; High Pulse Width ; clk   ; Rise       ; REGF|inst3|inst|clk                       ;
; 0.852  ; 0.852        ; 0.000          ; High Pulse Width ; clk   ; Rise       ; REGF|inst4|inst|clk                       ;
; 0.861  ; 0.861        ; 0.000          ; High Pulse Width ; clk   ; Rise       ; clk~inputclkctrl|inclk[0]                 ;
; 0.861  ; 0.861        ; 0.000          ; High Pulse Width ; clk   ; Rise       ; clk~inputclkctrl|outclk                   ;
; 0.875  ; 0.875        ; 0.000          ; High Pulse Width ; clk   ; Rise       ; clk~input|o                               ;
; 0.877  ; 0.877        ; 0.000          ; High Pulse Width ; clk   ; Rise       ; REGF|inst1|inst|clk                       ;
; 0.877  ; 0.877        ; 0.000          ; High Pulse Width ; clk   ; Rise       ; REGF|inst2|inst|clk                       ;
+--------+--------------+----------------+------------------+-------+------------+-------------------------------------------+


+------------------------------------------------------------------------+
; Setup Times                                                            ;
+------------+------------+-------+-------+------------+-----------------+
; Data Port  ; Clock Port ; Rise  ; Fall  ; Clock Edge ; Clock Reference ;
+------------+------------+-------+-------+------------+-----------------+
; A[*]       ; clk        ; 1.463 ; 2.088 ; Rise       ; clk             ;
;  A[0]      ; clk        ; 0.920 ; 1.479 ; Rise       ; clk             ;
;  A[1]      ; clk        ; 1.193 ; 1.807 ; Rise       ; clk             ;
;  A[2]      ; clk        ; 1.084 ; 1.666 ; Rise       ; clk             ;
;  A[3]      ; clk        ; 1.463 ; 2.088 ; Rise       ; clk             ;
; B[*]       ; clk        ; 1.171 ; 1.758 ; Rise       ; clk             ;
;  B[0]      ; clk        ; 1.108 ; 1.687 ; Rise       ; clk             ;
;  B[1]      ; clk        ; 0.907 ; 1.461 ; Rise       ; clk             ;
;  B[2]      ; clk        ; 1.171 ; 1.758 ; Rise       ; clk             ;
;  B[3]      ; clk        ; 1.131 ; 1.715 ; Rise       ; clk             ;
; ExtLOADA   ; clk        ; 0.918 ; 1.153 ; Rise       ; clk             ;
; LOADB      ; clk        ; 1.127 ; 1.682 ; Rise       ; clk             ;
; OPCODE[*]  ; clk        ; 2.319 ; 2.942 ; Rise       ; clk             ;
;  OPCODE[0] ; clk        ; 2.244 ; 2.918 ; Rise       ; clk             ;
;  OPCODE[1] ; clk        ; 2.319 ; 2.942 ; Rise       ; clk             ;
;  OPCODE[2] ; clk        ; 1.535 ; 1.875 ; Rise       ; clk             ;
+------------+------------+-------+-------+------------+-----------------+


+--------------------------------------------------------------------------+
; Hold Times                                                               ;
+------------+------------+--------+--------+------------+-----------------+
; Data Port  ; Clock Port ; Rise   ; Fall   ; Clock Edge ; Clock Reference ;
+------------+------------+--------+--------+------------+-----------------+
; A[*]       ; clk        ; -0.703 ; -1.248 ; Rise       ; clk             ;
;  A[0]      ; clk        ; -0.703 ; -1.248 ; Rise       ; clk             ;
;  A[1]      ; clk        ; -0.965 ; -1.561 ; Rise       ; clk             ;
;  A[2]      ; clk        ; -0.860 ; -1.427 ; Rise       ; clk             ;
;  A[3]      ; clk        ; -1.195 ; -1.796 ; Rise       ; clk             ;
; B[*]       ; clk        ; -0.694 ; -1.241 ; Rise       ; clk             ;
;  B[0]      ; clk        ; -0.888 ; -1.459 ; Rise       ; clk             ;
;  B[1]      ; clk        ; -0.694 ; -1.241 ; Rise       ; clk             ;
;  B[2]      ; clk        ; -0.948 ; -1.527 ; Rise       ; clk             ;
;  B[3]      ; clk        ; -0.910 ; -1.486 ; Rise       ; clk             ;
; ExtLOADA   ; clk        ; -0.228 ; -0.461 ; Rise       ; clk             ;
; LOADB      ; clk        ; -0.958 ; -1.495 ; Rise       ; clk             ;
; OPCODE[*]  ; clk        ; -0.140 ; -0.362 ; Rise       ; clk             ;
;  OPCODE[0] ; clk        ; -1.093 ; -1.661 ; Rise       ; clk             ;
;  OPCODE[1] ; clk        ; -1.071 ; -1.636 ; Rise       ; clk             ;
;  OPCODE[2] ; clk        ; -0.140 ; -0.362 ; Rise       ; clk             ;
+------------+------------+--------+--------+------------+-----------------+


+-----------------------------------------------------------------------+
; Clock to Output Times                                                 ;
+-----------+------------+-------+-------+------------+-----------------+
; Data Port ; Clock Port ; Rise  ; Fall  ; Clock Edge ; Clock Reference ;
+-----------+------------+-------+-------+------------+-----------------+
; FLAGS[*]  ; clk        ; 3.811 ; 3.838 ; Rise       ; clk             ;
;  FLAGS[0] ; clk        ; 3.742 ; 3.770 ; Rise       ; clk             ;
;  FLAGS[1] ; clk        ; 3.779 ; 3.838 ; Rise       ; clk             ;
;  FLAGS[2] ; clk        ; 3.811 ; 3.822 ; Rise       ; clk             ;
;  FLAGS[3] ; clk        ; 3.613 ; 3.623 ; Rise       ; clk             ;
; S[*]      ; clk        ; 4.084 ; 4.138 ; Rise       ; clk             ;
;  S[0]     ; clk        ; 3.637 ; 3.646 ; Rise       ; clk             ;
;  S[1]     ; clk        ; 4.084 ; 4.138 ; Rise       ; clk             ;
;  S[2]     ; clk        ; 3.643 ; 3.709 ; Rise       ; clk             ;
;  S[3]     ; clk        ; 3.639 ; 3.659 ; Rise       ; clk             ;
+-----------+------------+-------+-------+------------+-----------------+


+-----------------------------------------------------------------------+
; Minimum Clock to Output Times                                         ;
+-----------+------------+-------+-------+------------+-----------------+
; Data Port ; Clock Port ; Rise  ; Fall  ; Clock Edge ; Clock Reference ;
+-----------+------------+-------+-------+------------+-----------------+
; FLAGS[*]  ; clk        ; 3.496 ; 3.504 ; Rise       ; clk             ;
;  FLAGS[0] ; clk        ; 3.619 ; 3.645 ; Rise       ; clk             ;
;  FLAGS[1] ; clk        ; 3.654 ; 3.709 ; Rise       ; clk             ;
;  FLAGS[2] ; clk        ; 3.687 ; 3.696 ; Rise       ; clk             ;
;  FLAGS[3] ; clk        ; 3.496 ; 3.504 ; Rise       ; clk             ;
; S[*]      ; clk        ; 3.519 ; 3.526 ; Rise       ; clk             ;
;  S[0]     ; clk        ; 3.519 ; 3.526 ; Rise       ; clk             ;
;  S[1]     ; clk        ; 3.969 ; 4.020 ; Rise       ; clk             ;
;  S[2]     ; clk        ; 3.523 ; 3.587 ; Rise       ; clk             ;
;  S[3]     ; clk        ; 3.521 ; 3.537 ; Rise       ; clk             ;
+-----------+------------+-------+-------+------------+-----------------+


+----------------------------------------------------------+
; Propagation Delay                                        ;
+------------+-------------+-------+-------+-------+-------+
; Input Port ; Output Port ; RR    ; RF    ; FR    ; FF    ;
+------------+-------------+-------+-------+-------+-------+
; ExtLOADA   ; LOAD_A      ; 3.883 ;       ;       ; 4.157 ;
; OPCODE[0]  ; LOAD_A      ; 4.549 ; 4.596 ; 5.154 ; 5.194 ;
; OPCODE[1]  ; LOAD_A      ; 4.569 ; 4.589 ; 5.118 ; 5.191 ;
; OPCODE[2]  ; LOAD_A      ; 3.852 ;       ;       ; 4.136 ;
+------------+-------------+-------+-------+-------+-------+


+----------------------------------------------------------+
; Minimum Propagation Delay                                ;
+------------+-------------+-------+-------+-------+-------+
; Input Port ; Output Port ; RR    ; RF    ; FR    ; FF    ;
+------------+-------------+-------+-------+-------+-------+
; ExtLOADA   ; LOAD_A      ; 3.724 ;       ;       ; 4.017 ;
; OPCODE[0]  ; LOAD_A      ; 4.394 ; 4.439 ; 4.989 ; 5.027 ;
; OPCODE[1]  ; LOAD_A      ; 4.415 ; 4.433 ; 4.956 ; 5.026 ;
; OPCODE[2]  ; LOAD_A      ; 3.730 ;       ;       ; 4.017 ;
+------------+-------------+-------+-------+-------+-------+


---------------------------------------------
; Fast 1200mV 0C Model Metastability Report ;
---------------------------------------------
No synchronizer chains to report.


+-------------------------------------------------------------------------------+
; Multicorner Timing Analysis Summary                                           ;
+------------------+---------+-------+----------+---------+---------------------+
; Clock            ; Setup   ; Hold  ; Recovery ; Removal ; Minimum Pulse Width ;
+------------------+---------+-------+----------+---------+---------------------+
; Worst-case Slack ; -1.631  ; 0.305 ; N/A      ; N/A     ; -3.000              ;
;  clk             ; -1.631  ; 0.305 ; N/A      ; N/A     ; -3.000              ;
; Design-wide TNS  ; -10.001 ; 0.0   ; 0.0      ; 0.0     ; -15.436             ;
;  clk             ; -10.001 ; 0.000 ; N/A      ; N/A     ; -15.436             ;
+------------------+---------+-------+----------+---------+---------------------+


+------------------------------------------------------------------------+
; Setup Times                                                            ;
+------------+------------+-------+-------+------------+-----------------+
; Data Port  ; Clock Port ; Rise  ; Fall  ; Clock Edge ; Clock Reference ;
+------------+------------+-------+-------+------------+-----------------+
; A[*]       ; clk        ; 2.628 ; 3.113 ; Rise       ; clk             ;
;  A[0]      ; clk        ; 1.628 ; 2.060 ; Rise       ; clk             ;
;  A[1]      ; clk        ; 2.141 ; 2.608 ; Rise       ; clk             ;
;  A[2]      ; clk        ; 1.924 ; 2.358 ; Rise       ; clk             ;
;  A[3]      ; clk        ; 2.628 ; 3.113 ; Rise       ; clk             ;
; B[*]       ; clk        ; 2.127 ; 2.556 ; Rise       ; clk             ;
;  B[0]      ; clk        ; 1.975 ; 2.408 ; Rise       ; clk             ;
;  B[1]      ; clk        ; 1.639 ; 2.072 ; Rise       ; clk             ;
;  B[2]      ; clk        ; 2.127 ; 2.556 ; Rise       ; clk             ;
;  B[3]      ; clk        ; 2.015 ; 2.447 ; Rise       ; clk             ;
; ExtLOADA   ; clk        ; 1.548 ; 1.568 ; Rise       ; clk             ;
; LOADB      ; clk        ; 1.998 ; 2.416 ; Rise       ; clk             ;
; OPCODE[*]  ; clk        ; 4.179 ; 4.652 ; Rise       ; clk             ;
;  OPCODE[0] ; clk        ; 3.999 ; 4.494 ; Rise       ; clk             ;
;  OPCODE[1] ; clk        ; 4.179 ; 4.652 ; Rise       ; clk             ;
;  OPCODE[2] ; clk        ; 2.746 ; 2.894 ; Rise       ; clk             ;
+------------+------------+-------+-------+------------+-----------------+


+--------------------------------------------------------------------------+
; Hold Times                                                               ;
+------------+------------+--------+--------+------------+-----------------+
; Data Port  ; Clock Port ; Rise   ; Fall   ; Clock Edge ; Clock Reference ;
+------------+------------+--------+--------+------------+-----------------+
; A[*]       ; clk        ; -0.703 ; -1.248 ; Rise       ; clk             ;
;  A[0]      ; clk        ; -0.703 ; -1.248 ; Rise       ; clk             ;
;  A[1]      ; clk        ; -0.965 ; -1.561 ; Rise       ; clk             ;
;  A[2]      ; clk        ; -0.860 ; -1.427 ; Rise       ; clk             ;
;  A[3]      ; clk        ; -1.195 ; -1.796 ; Rise       ; clk             ;
; B[*]       ; clk        ; -0.694 ; -1.241 ; Rise       ; clk             ;
;  B[0]      ; clk        ; -0.888 ; -1.459 ; Rise       ; clk             ;
;  B[1]      ; clk        ; -0.694 ; -1.241 ; Rise       ; clk             ;
;  B[2]      ; clk        ; -0.948 ; -1.527 ; Rise       ; clk             ;
;  B[3]      ; clk        ; -0.910 ; -1.486 ; Rise       ; clk             ;
; ExtLOADA   ; clk        ; -0.228 ; -0.332 ; Rise       ; clk             ;
; LOADB      ; clk        ; -0.958 ; -1.495 ; Rise       ; clk             ;
; OPCODE[*]  ; clk        ; -0.140 ; -0.212 ; Rise       ; clk             ;
;  OPCODE[0] ; clk        ; -1.093 ; -1.661 ; Rise       ; clk             ;
;  OPCODE[1] ; clk        ; -1.071 ; -1.636 ; Rise       ; clk             ;
;  OPCODE[2] ; clk        ; -0.140 ; -0.212 ; Rise       ; clk             ;
+------------+------------+--------+--------+------------+-----------------+


+-----------------------------------------------------------------------+
; Clock to Output Times                                                 ;
+-----------+------------+-------+-------+------------+-----------------+
; Data Port ; Clock Port ; Rise  ; Fall  ; Clock Edge ; Clock Reference ;
+-----------+------------+-------+-------+------------+-----------------+
; FLAGS[*]  ; clk        ; 6.513 ; 6.438 ; Rise       ; clk             ;
;  FLAGS[0] ; clk        ; 6.318 ; 6.276 ; Rise       ; clk             ;
;  FLAGS[1] ; clk        ; 6.513 ; 6.438 ; Rise       ; clk             ;
;  FLAGS[2] ; clk        ; 6.445 ; 6.402 ; Rise       ; clk             ;
;  FLAGS[3] ; clk        ; 6.089 ; 6.041 ; Rise       ; clk             ;
; S[*]      ; clk        ; 6.761 ; 6.755 ; Rise       ; clk             ;
;  S[0]     ; clk        ; 6.129 ; 6.088 ; Rise       ; clk             ;
;  S[1]     ; clk        ; 6.761 ; 6.755 ; Rise       ; clk             ;
;  S[2]     ; clk        ; 6.228 ; 6.166 ; Rise       ; clk             ;
;  S[3]     ; clk        ; 6.139 ; 6.105 ; Rise       ; clk             ;
+-----------+------------+-------+-------+------------+-----------------+


+-----------------------------------------------------------------------+
; Minimum Clock to Output Times                                         ;
+-----------+------------+-------+-------+------------+-----------------+
; Data Port ; Clock Port ; Rise  ; Fall  ; Clock Edge ; Clock Reference ;
+-----------+------------+-------+-------+------------+-----------------+
; FLAGS[*]  ; clk        ; 3.496 ; 3.504 ; Rise       ; clk             ;
;  FLAGS[0] ; clk        ; 3.619 ; 3.645 ; Rise       ; clk             ;
;  FLAGS[1] ; clk        ; 3.654 ; 3.709 ; Rise       ; clk             ;
;  FLAGS[2] ; clk        ; 3.687 ; 3.696 ; Rise       ; clk             ;
;  FLAGS[3] ; clk        ; 3.496 ; 3.504 ; Rise       ; clk             ;
; S[*]      ; clk        ; 3.519 ; 3.526 ; Rise       ; clk             ;
;  S[0]     ; clk        ; 3.519 ; 3.526 ; Rise       ; clk             ;
;  S[1]     ; clk        ; 3.969 ; 4.020 ; Rise       ; clk             ;
;  S[2]     ; clk        ; 3.523 ; 3.587 ; Rise       ; clk             ;
;  S[3]     ; clk        ; 3.521 ; 3.537 ; Rise       ; clk             ;
+-----------+------------+-------+-------+------------+-----------------+


+----------------------------------------------------------+
; Propagation Delay                                        ;
+------------+-------------+-------+-------+-------+-------+
; Input Port ; Output Port ; RR    ; RF    ; FR    ; FF    ;
+------------+-------------+-------+-------+-------+-------+
; ExtLOADA   ; LOAD_A      ; 6.524 ;       ;       ; 6.460 ;
; OPCODE[0]  ; LOAD_A      ; 7.851 ; 7.738 ; 8.311 ; 8.189 ;
; OPCODE[1]  ; LOAD_A      ; 7.867 ; 7.719 ; 8.256 ; 8.202 ;
; OPCODE[2]  ; LOAD_A      ; 6.507 ;       ;       ; 6.473 ;
+------------+-------------+-------+-------+-------+-------+


+----------------------------------------------------------+
; Minimum Propagation Delay                                ;
+------------+-------------+-------+-------+-------+-------+
; Input Port ; Output Port ; RR    ; RF    ; FR    ; FF    ;
+------------+-------------+-------+-------+-------+-------+
; ExtLOADA   ; LOAD_A      ; 3.724 ;       ;       ; 4.017 ;
; OPCODE[0]  ; LOAD_A      ; 4.394 ; 4.439 ; 4.989 ; 5.027 ;
; OPCODE[1]  ; LOAD_A      ; 4.415 ; 4.433 ; 4.956 ; 5.026 ;
; OPCODE[2]  ; LOAD_A      ; 3.730 ;       ;       ; 4.017 ;
+------------+-------------+-------+-------+-------+-------+


+------------------------------------------------------------------------------------------------------------------------------------------------------------------------------------------------------------------------------------------------------------------------------------------------------------------------------------------------------------------------------------------------------------------+
; Board Trace Model Assignments                                                                                                                                                                                                                                                                                                                                                                                    ;
+---------------+--------------+-------------------+-------------------------+-------------------------+---------------+---------------------+----------------+------------------+--------+------------------+------------------------+------------------------+--------------+---------------+-----------------+-------+---------------------+--------------------+---------------+-----------------+-------------+
; Pin           ; I/O Standard ; Near Tline Length ; Near Tline L per Length ; Near Tline C per Length ; Near Series R ; Near Differential R ; Near Pull-up R ; Near Pull-down R ; Near C ; Far Tline Length ; Far Tline L per Length ; Far Tline C per Length ; Far Series R ; Far Pull-up R ; Far Pull-down R ; Far C ; Termination Voltage ; Far Differential R ; EBD File Name ; EBD Signal Name ; EBD Far-end ;
+---------------+--------------+-------------------+-------------------------+-------------------------+---------------+---------------------+----------------+------------------+--------+------------------+------------------------+------------------------+--------------+---------------+-----------------+-------+---------------------+--------------------+---------------+-----------------+-------------+
; LOAD_A        ; 2.5 V        ; 0 in              ; 0 H/in                  ; 0 F/in                  ; short         ; -                   ; open           ; open             ; open   ; 0 in             ; 0 H/in                 ; 0 F/in                 ; short        ; open          ; open            ; open  ; 0 V                 ; -                  ; n/a           ; n/a             ; n/a         ;
; FLAGS[3]      ; 2.5 V        ; 0 in              ; 0 H/in                  ; 0 F/in                  ; short         ; -                   ; open           ; open             ; open   ; 0 in             ; 0 H/in                 ; 0 F/in                 ; short        ; open          ; open            ; open  ; 0 V                 ; -                  ; n/a           ; n/a             ; n/a         ;
; FLAGS[2]      ; 2.5 V        ; 0 in              ; 0 H/in                  ; 0 F/in                  ; short         ; -                   ; open           ; open             ; open   ; 0 in             ; 0 H/in                 ; 0 F/in                 ; short        ; open          ; open            ; open  ; 0 V                 ; -                  ; n/a           ; n/a             ; n/a         ;
; FLAGS[1]      ; 2.5 V        ; 0 in              ; 0 H/in                  ; 0 F/in                  ; short         ; -                   ; open           ; open             ; open   ; 0 in             ; 0 H/in                 ; 0 F/in                 ; short        ; open          ; open            ; open  ; 0 V                 ; -                  ; n/a           ; n/a             ; n/a         ;
; FLAGS[0]      ; 2.5 V        ; 0 in              ; 0 H/in                  ; 0 F/in                  ; short         ; -                   ; open           ; open             ; open   ; 0 in             ; 0 H/in                 ; 0 F/in                 ; short        ; open          ; open            ; open  ; 0 V                 ; -                  ; n/a           ; n/a             ; n/a         ;
; S[3]          ; 2.5 V        ; 0 in              ; 0 H/in                  ; 0 F/in                  ; short         ; -                   ; open           ; open             ; open   ; 0 in             ; 0 H/in                 ; 0 F/in                 ; short        ; open          ; open            ; open  ; 0 V                 ; -                  ; n/a           ; n/a             ; n/a         ;
; S[2]          ; 2.5 V        ; 0 in              ; 0 H/in                  ; 0 F/in                  ; short         ; -                   ; open           ; open             ; open   ; 0 in             ; 0 H/in                 ; 0 F/in                 ; short        ; open          ; open            ; open  ; 0 V                 ; -                  ; n/a           ; n/a             ; n/a         ;
; S[1]          ; 2.5 V        ; 0 in              ; 0 H/in                  ; 0 F/in                  ; short         ; -                   ; open           ; open             ; open   ; 0 in             ; 0 H/in                 ; 0 F/in                 ; short        ; open          ; open            ; open  ; 0 V                 ; -                  ; n/a           ; n/a             ; n/a         ;
; S[0]          ; 2.5 V        ; 0 in              ; 0 H/in                  ; 0 F/in                  ; short         ; -                   ; open           ; open             ; open   ; 0 in             ; 0 H/in                 ; 0 F/in                 ; short        ; open          ; open            ; open  ; 0 V                 ; -                  ; n/a           ; n/a             ; n/a         ;
; ~ALTERA_NCEO~ ; 2.5 V        ; 0 in              ; 0 H/in                  ; 0 F/in                  ; short         ; -                   ; open           ; open             ; open   ; 0 in             ; 0 H/in                 ; 0 F/in                 ; short        ; open          ; open            ; open  ; 0 V                 ; -                  ; n/a           ; n/a             ; n/a         ;
; ~ALTERA_DCLK~ ; 2.5 V        ; 0 in              ; 0 H/in                  ; 0 F/in                  ; short         ; -                   ; open           ; open             ; open   ; 0 in             ; 0 H/in                 ; 0 F/in                 ; short        ; open          ; open            ; open  ; 0 V                 ; -                  ; n/a           ; n/a             ; n/a         ;
+---------------+--------------+-------------------+-------------------------+-------------------------+---------------+---------------------+----------------+------------------+--------+------------------+------------------------+------------------------+--------------+---------------+-----------------+-------+---------------------+--------------------+---------------+-----------------+-------------+


+-------------------------------------------------------------------+
; Input Transition Times                                            ;
+----------------+--------------+-----------------+-----------------+
; Pin            ; I/O Standard ; 10-90 Rise Time ; 90-10 Fall Time ;
+----------------+--------------+-----------------+-----------------+
; ExtLOADA       ; 2.5 V        ; 2000 ps         ; 2000 ps         ;
; OPCODE[2]      ; 2.5 V        ; 2000 ps         ; 2000 ps         ;
; OPCODE[1]      ; 2.5 V        ; 2000 ps         ; 2000 ps         ;
; OPCODE[0]      ; 2.5 V        ; 2000 ps         ; 2000 ps         ;
; clk            ; 2.5 V        ; 2000 ps         ; 2000 ps         ;
; A[3]           ; 2.5 V        ; 2000 ps         ; 2000 ps         ;
; A[2]           ; 2.5 V        ; 2000 ps         ; 2000 ps         ;
; A[1]           ; 2.5 V        ; 2000 ps         ; 2000 ps         ;
; A[0]           ; 2.5 V        ; 2000 ps         ; 2000 ps         ;
; B[2]           ; 2.5 V        ; 2000 ps         ; 2000 ps         ;
; LOADB          ; 2.5 V        ; 2000 ps         ; 2000 ps         ;
; B[1]           ; 2.5 V        ; 2000 ps         ; 2000 ps         ;
; B[0]           ; 2.5 V        ; 2000 ps         ; 2000 ps         ;
; B[3]           ; 2.5 V        ; 2000 ps         ; 2000 ps         ;
; ~ALTERA_DATA0~ ; 2.5 V        ; 2000 ps         ; 2000 ps         ;
; ~ALTERA_ASDO~  ; 2.5 V        ; 2000 ps         ; 2000 ps         ;
; ~ALTERA_NCSO~  ; 2.5 V        ; 2000 ps         ; 2000 ps         ;
+----------------+--------------+-----------------+-----------------+


+--------------------------------------------------------------------------------------------------------------------------------------------------------------------------------------------------------------------------------------------------------------------------------------------------------------------------------------------------------------------------------------------------------------------------------------------------------------------------------------------------------------------------------------------------------------------------------------------------------------------------------------------------------------------------------------------+
; Signal Integrity Metrics (Slow 1200mv 0c Model)                                                                                                                                                                                                                                                                                                                                                                                                                                                                                                                                                                                                                                            ;
+---------------+--------------+---------------------+---------------------+------------------------------+------------------------------+---------------------+---------------------+--------------------------------------+--------------------------------------+-----------------------------+-----------------------------+----------------------------+----------------------------+-----------------------------+-----------------------------+--------------------+--------------------+-------------------------------------+-------------------------------------+----------------------------+----------------------------+---------------------------+---------------------------+
; Pin           ; I/O Standard ; Board Delay on Rise ; Board Delay on Fall ; Steady State Voh at FPGA Pin ; Steady State Vol at FPGA Pin ; Voh Max at FPGA Pin ; Vol Min at FPGA Pin ; Ringback Voltage on Rise at FPGA Pin ; Ringback Voltage on Fall at FPGA Pin ; 10-90 Rise Time at FPGA Pin ; 90-10 Fall Time at FPGA Pin ; Monotonic Rise at FPGA Pin ; Monotonic Fall at FPGA Pin ; Steady State Voh at Far-end ; Steady State Vol at Far-end ; Voh Max at Far-end ; Vol Min at Far-end ; Ringback Voltage on Rise at Far-end ; Ringback Voltage on Fall at Far-end ; 10-90 Rise Time at Far-end ; 90-10 Fall Time at Far-end ; Monotonic Rise at Far-end ; Monotonic Fall at Far-end ;
+---------------+--------------+---------------------+---------------------+------------------------------+------------------------------+---------------------+---------------------+--------------------------------------+--------------------------------------+-----------------------------+-----------------------------+----------------------------+----------------------------+-----------------------------+-----------------------------+--------------------+--------------------+-------------------------------------+-------------------------------------+----------------------------+----------------------------+---------------------------+---------------------------+
; LOAD_A        ; 2.5 V        ; 0 s                 ; 0 s                 ; 2.32 V                       ; 7.29e-09 V                   ; 2.39 V              ; -0.00317 V          ; 0.179 V                              ; 0.007 V                              ; 4.7e-10 s                   ; 4.72e-10 s                  ; No                         ; Yes                        ; 2.32 V                      ; 7.29e-09 V                  ; 2.39 V             ; -0.00317 V         ; 0.179 V                             ; 0.007 V                             ; 4.7e-10 s                  ; 4.72e-10 s                 ; No                        ; Yes                       ;
; FLAGS[3]      ; 2.5 V        ; 0 s                 ; 0 s                 ; 2.32 V                       ; 5.16e-09 V                   ; 2.37 V              ; -0.00861 V          ; 0.168 V                              ; 0.038 V                              ; 6.79e-10 s                  ; 6.49e-10 s                  ; No                         ; Yes                        ; 2.32 V                      ; 5.16e-09 V                  ; 2.37 V             ; -0.00861 V         ; 0.168 V                             ; 0.038 V                             ; 6.79e-10 s                 ; 6.49e-10 s                 ; No                        ; Yes                       ;
; FLAGS[2]      ; 2.5 V        ; 0 s                 ; 0 s                 ; 2.32 V                       ; 5.16e-09 V                   ; 2.37 V              ; -0.00861 V          ; 0.168 V                              ; 0.038 V                              ; 6.79e-10 s                  ; 6.49e-10 s                  ; No                         ; Yes                        ; 2.32 V                      ; 5.16e-09 V                  ; 2.37 V             ; -0.00861 V         ; 0.168 V                             ; 0.038 V                             ; 6.79e-10 s                 ; 6.49e-10 s                 ; No                        ; Yes                       ;
; FLAGS[1]      ; 2.5 V        ; 0 s                 ; 0 s                 ; 2.32 V                       ; 7.29e-09 V                   ; 2.39 V              ; -0.00317 V          ; 0.179 V                              ; 0.007 V                              ; 4.7e-10 s                   ; 4.72e-10 s                  ; No                         ; Yes                        ; 2.32 V                      ; 7.29e-09 V                  ; 2.39 V             ; -0.00317 V         ; 0.179 V                             ; 0.007 V                             ; 4.7e-10 s                  ; 4.72e-10 s                 ; No                        ; Yes                       ;
; FLAGS[0]      ; 2.5 V        ; 0 s                 ; 0 s                 ; 2.32 V                       ; 5.16e-09 V                   ; 2.37 V              ; -0.00861 V          ; 0.168 V                              ; 0.038 V                              ; 6.79e-10 s                  ; 6.49e-10 s                  ; No                         ; Yes                        ; 2.32 V                      ; 5.16e-09 V                  ; 2.37 V             ; -0.00861 V         ; 0.168 V                             ; 0.038 V                             ; 6.79e-10 s                 ; 6.49e-10 s                 ; No                        ; Yes                       ;
; S[3]          ; 2.5 V        ; 0 s                 ; 0 s                 ; 2.32 V                       ; 5.16e-09 V                   ; 2.37 V              ; -0.00861 V          ; 0.168 V                              ; 0.038 V                              ; 6.79e-10 s                  ; 6.49e-10 s                  ; No                         ; Yes                        ; 2.32 V                      ; 5.16e-09 V                  ; 2.37 V             ; -0.00861 V         ; 0.168 V                             ; 0.038 V                             ; 6.79e-10 s                 ; 6.49e-10 s                 ; No                        ; Yes                       ;
; S[2]          ; 2.5 V        ; 0 s                 ; 0 s                 ; 2.32 V                       ; 7.29e-09 V                   ; 2.39 V              ; -0.00317 V          ; 0.179 V                              ; 0.007 V                              ; 4.7e-10 s                   ; 4.72e-10 s                  ; No                         ; Yes                        ; 2.32 V                      ; 7.29e-09 V                  ; 2.39 V             ; -0.00317 V         ; 0.179 V                             ; 0.007 V                             ; 4.7e-10 s                  ; 4.72e-10 s                 ; No                        ; Yes                       ;
; S[1]          ; 2.5 V        ; 0 s                 ; 0 s                 ; 2.32 V                       ; 7.29e-09 V                   ; 2.34 V              ; -0.00668 V          ; 0.218 V                              ; 0.076 V                              ; 1.92e-09 s                  ; 1.81e-09 s                  ; No                         ; Yes                        ; 2.32 V                      ; 7.29e-09 V                  ; 2.34 V             ; -0.00668 V         ; 0.218 V                             ; 0.076 V                             ; 1.92e-09 s                 ; 1.81e-09 s                 ; No                        ; Yes                       ;
; S[0]          ; 2.5 V        ; 0 s                 ; 0 s                 ; 2.32 V                       ; 5.16e-09 V                   ; 2.37 V              ; -0.00861 V          ; 0.168 V                              ; 0.038 V                              ; 6.79e-10 s                  ; 6.49e-10 s                  ; No                         ; Yes                        ; 2.32 V                      ; 5.16e-09 V                  ; 2.37 V             ; -0.00861 V         ; 0.168 V                             ; 0.038 V                             ; 6.79e-10 s                 ; 6.49e-10 s                 ; No                        ; Yes                       ;
; ~ALTERA_NCEO~ ; 2.5 V        ; 0 s                 ; 0 s                 ; 2.32 V                       ; 4.76e-09 V                   ; 2.4 V               ; -0.034 V            ; 0.102 V                              ; 0.065 V                              ; 2.49e-10 s                  ; 3.49e-10 s                  ; Yes                        ; Yes                        ; 2.32 V                      ; 4.76e-09 V                  ; 2.4 V              ; -0.034 V           ; 0.102 V                             ; 0.065 V                             ; 2.49e-10 s                 ; 3.49e-10 s                 ; Yes                       ; Yes                       ;
; ~ALTERA_DCLK~ ; 2.5 V        ; 0 s                 ; 0 s                 ; 2.32 V                       ; 5.94e-09 V                   ; 2.39 V              ; -0.0344 V           ; 0.156 V                              ; 0.089 V                              ; 2.68e-10 s                  ; 2.6e-10 s                   ; Yes                        ; Yes                        ; 2.32 V                      ; 5.94e-09 V                  ; 2.39 V             ; -0.0344 V          ; 0.156 V                             ; 0.089 V                             ; 2.68e-10 s                 ; 2.6e-10 s                  ; Yes                       ; Yes                       ;
+---------------+--------------+---------------------+---------------------+------------------------------+------------------------------+---------------------+---------------------+--------------------------------------+--------------------------------------+-----------------------------+-----------------------------+----------------------------+----------------------------+-----------------------------+-----------------------------+--------------------+--------------------+-------------------------------------+-------------------------------------+----------------------------+----------------------------+---------------------------+---------------------------+


+--------------------------------------------------------------------------------------------------------------------------------------------------------------------------------------------------------------------------------------------------------------------------------------------------------------------------------------------------------------------------------------------------------------------------------------------------------------------------------------------------------------------------------------------------------------------------------------------------------------------------------------------------------------------------------------------+
; Signal Integrity Metrics (Slow 1200mv 85c Model)                                                                                                                                                                                                                                                                                                                                                                                                                                                                                                                                                                                                                                           ;
+---------------+--------------+---------------------+---------------------+------------------------------+------------------------------+---------------------+---------------------+--------------------------------------+--------------------------------------+-----------------------------+-----------------------------+----------------------------+----------------------------+-----------------------------+-----------------------------+--------------------+--------------------+-------------------------------------+-------------------------------------+----------------------------+----------------------------+---------------------------+---------------------------+
; Pin           ; I/O Standard ; Board Delay on Rise ; Board Delay on Fall ; Steady State Voh at FPGA Pin ; Steady State Vol at FPGA Pin ; Voh Max at FPGA Pin ; Vol Min at FPGA Pin ; Ringback Voltage on Rise at FPGA Pin ; Ringback Voltage on Fall at FPGA Pin ; 10-90 Rise Time at FPGA Pin ; 90-10 Fall Time at FPGA Pin ; Monotonic Rise at FPGA Pin ; Monotonic Fall at FPGA Pin ; Steady State Voh at Far-end ; Steady State Vol at Far-end ; Voh Max at Far-end ; Vol Min at Far-end ; Ringback Voltage on Rise at Far-end ; Ringback Voltage on Fall at Far-end ; 10-90 Rise Time at Far-end ; 90-10 Fall Time at Far-end ; Monotonic Rise at Far-end ; Monotonic Fall at Far-end ;
+---------------+--------------+---------------------+---------------------+------------------------------+------------------------------+---------------------+---------------------+--------------------------------------+--------------------------------------+-----------------------------+-----------------------------+----------------------------+----------------------------+-----------------------------+-----------------------------+--------------------+--------------------+-------------------------------------+-------------------------------------+----------------------------+----------------------------+---------------------------+---------------------------+
; LOAD_A        ; 2.5 V        ; 0 s                 ; 0 s                 ; 2.32 V                       ; 1.21e-06 V                   ; 2.36 V              ; -0.00833 V          ; 0.113 V                              ; 0.035 V                              ; 6.32e-10 s                  ; 5.89e-10 s                  ; No                         ; Yes                        ; 2.32 V                      ; 1.21e-06 V                  ; 2.36 V             ; -0.00833 V         ; 0.113 V                             ; 0.035 V                             ; 6.32e-10 s                 ; 5.89e-10 s                 ; No                        ; Yes                       ;
; FLAGS[3]      ; 2.5 V        ; 0 s                 ; 0 s                 ; 2.32 V                       ; 8.13e-07 V                   ; 2.35 V              ; -0.00662 V          ; 0.129 V                              ; 0.049 V                              ; 8.55e-10 s                  ; 8.01e-10 s                  ; No                         ; Yes                        ; 2.32 V                      ; 8.13e-07 V                  ; 2.35 V             ; -0.00662 V         ; 0.129 V                             ; 0.049 V                             ; 8.55e-10 s                 ; 8.01e-10 s                 ; No                        ; Yes                       ;
; FLAGS[2]      ; 2.5 V        ; 0 s                 ; 0 s                 ; 2.32 V                       ; 8.13e-07 V                   ; 2.35 V              ; -0.00662 V          ; 0.129 V                              ; 0.049 V                              ; 8.55e-10 s                  ; 8.01e-10 s                  ; No                         ; Yes                        ; 2.32 V                      ; 8.13e-07 V                  ; 2.35 V             ; -0.00662 V         ; 0.129 V                             ; 0.049 V                             ; 8.55e-10 s                 ; 8.01e-10 s                 ; No                        ; Yes                       ;
; FLAGS[1]      ; 2.5 V        ; 0 s                 ; 0 s                 ; 2.32 V                       ; 1.21e-06 V                   ; 2.36 V              ; -0.00833 V          ; 0.113 V                              ; 0.035 V                              ; 6.32e-10 s                  ; 5.89e-10 s                  ; No                         ; Yes                        ; 2.32 V                      ; 1.21e-06 V                  ; 2.36 V             ; -0.00833 V         ; 0.113 V                             ; 0.035 V                             ; 6.32e-10 s                 ; 5.89e-10 s                 ; No                        ; Yes                       ;
; FLAGS[0]      ; 2.5 V        ; 0 s                 ; 0 s                 ; 2.32 V                       ; 8.13e-07 V                   ; 2.35 V              ; -0.00662 V          ; 0.129 V                              ; 0.049 V                              ; 8.55e-10 s                  ; 8.01e-10 s                  ; No                         ; Yes                        ; 2.32 V                      ; 8.13e-07 V                  ; 2.35 V             ; -0.00662 V         ; 0.129 V                             ; 0.049 V                             ; 8.55e-10 s                 ; 8.01e-10 s                 ; No                        ; Yes                       ;
; S[3]          ; 2.5 V        ; 0 s                 ; 0 s                 ; 2.32 V                       ; 8.13e-07 V                   ; 2.35 V              ; -0.00662 V          ; 0.129 V                              ; 0.049 V                              ; 8.55e-10 s                  ; 8.01e-10 s                  ; No                         ; Yes                        ; 2.32 V                      ; 8.13e-07 V                  ; 2.35 V             ; -0.00662 V         ; 0.129 V                             ; 0.049 V                             ; 8.55e-10 s                 ; 8.01e-10 s                 ; No                        ; Yes                       ;
; S[2]          ; 2.5 V        ; 0 s                 ; 0 s                 ; 2.32 V                       ; 1.21e-06 V                   ; 2.36 V              ; -0.00833 V          ; 0.113 V                              ; 0.035 V                              ; 6.32e-10 s                  ; 5.89e-10 s                  ; No                         ; Yes                        ; 2.32 V                      ; 1.21e-06 V                  ; 2.36 V             ; -0.00833 V         ; 0.113 V                             ; 0.035 V                             ; 6.32e-10 s                 ; 5.89e-10 s                 ; No                        ; Yes                       ;
; S[1]          ; 2.5 V        ; 0 s                 ; 0 s                 ; 2.32 V                       ; 1.21e-06 V                   ; 2.33 V              ; -0.00286 V          ; 0.193 V                              ; 0.042 V                              ; 2.32e-09 s                  ; 2.21e-09 s                  ; Yes                        ; Yes                        ; 2.32 V                      ; 1.21e-06 V                  ; 2.33 V             ; -0.00286 V         ; 0.193 V                             ; 0.042 V                             ; 2.32e-09 s                 ; 2.21e-09 s                 ; Yes                       ; Yes                       ;
; S[0]          ; 2.5 V        ; 0 s                 ; 0 s                 ; 2.32 V                       ; 8.13e-07 V                   ; 2.35 V              ; -0.00662 V          ; 0.129 V                              ; 0.049 V                              ; 8.55e-10 s                  ; 8.01e-10 s                  ; No                         ; Yes                        ; 2.32 V                      ; 8.13e-07 V                  ; 2.35 V             ; -0.00662 V         ; 0.129 V                             ; 0.049 V                             ; 8.55e-10 s                 ; 8.01e-10 s                 ; No                        ; Yes                       ;
; ~ALTERA_NCEO~ ; 2.5 V        ; 0 s                 ; 0 s                 ; 2.32 V                       ; 7.93e-07 V                   ; 2.37 V              ; -0.0278 V           ; 0.106 V                              ; 0.115 V                              ; 2.69e-10 s                  ; 4.05e-10 s                  ; Yes                        ; Yes                        ; 2.32 V                      ; 7.93e-07 V                  ; 2.37 V             ; -0.0278 V          ; 0.106 V                             ; 0.115 V                             ; 2.69e-10 s                 ; 4.05e-10 s                 ; Yes                       ; Yes                       ;
; ~ALTERA_DCLK~ ; 2.5 V        ; 0 s                 ; 0 s                 ; 2.32 V                       ; 9.76e-07 V                   ; 2.36 V              ; -0.00439 V          ; 0.088 V                              ; 0.007 V                              ; 4.05e-10 s                  ; 3.35e-10 s                  ; Yes                        ; Yes                        ; 2.32 V                      ; 9.76e-07 V                  ; 2.36 V             ; -0.00439 V         ; 0.088 V                             ; 0.007 V                             ; 4.05e-10 s                 ; 3.35e-10 s                 ; Yes                       ; Yes                       ;
+---------------+--------------+---------------------+---------------------+------------------------------+------------------------------+---------------------+---------------------+--------------------------------------+--------------------------------------+-----------------------------+-----------------------------+----------------------------+----------------------------+-----------------------------+-----------------------------+--------------------+--------------------+-------------------------------------+-------------------------------------+----------------------------+----------------------------+---------------------------+---------------------------+


+--------------------------------------------------------------------------------------------------------------------------------------------------------------------------------------------------------------------------------------------------------------------------------------------------------------------------------------------------------------------------------------------------------------------------------------------------------------------------------------------------------------------------------------------------------------------------------------------------------------------------------------------------------------------------------------------+
; Signal Integrity Metrics (Fast 1200mv 0c Model)                                                                                                                                                                                                                                                                                                                                                                                                                                                                                                                                                                                                                                            ;
+---------------+--------------+---------------------+---------------------+------------------------------+------------------------------+---------------------+---------------------+--------------------------------------+--------------------------------------+-----------------------------+-----------------------------+----------------------------+----------------------------+-----------------------------+-----------------------------+--------------------+--------------------+-------------------------------------+-------------------------------------+----------------------------+----------------------------+---------------------------+---------------------------+
; Pin           ; I/O Standard ; Board Delay on Rise ; Board Delay on Fall ; Steady State Voh at FPGA Pin ; Steady State Vol at FPGA Pin ; Voh Max at FPGA Pin ; Vol Min at FPGA Pin ; Ringback Voltage on Rise at FPGA Pin ; Ringback Voltage on Fall at FPGA Pin ; 10-90 Rise Time at FPGA Pin ; 90-10 Fall Time at FPGA Pin ; Monotonic Rise at FPGA Pin ; Monotonic Fall at FPGA Pin ; Steady State Voh at Far-end ; Steady State Vol at Far-end ; Voh Max at Far-end ; Vol Min at Far-end ; Ringback Voltage on Rise at Far-end ; Ringback Voltage on Fall at Far-end ; 10-90 Rise Time at Far-end ; 90-10 Fall Time at Far-end ; Monotonic Rise at Far-end ; Monotonic Fall at Far-end ;
+---------------+--------------+---------------------+---------------------+------------------------------+------------------------------+---------------------+---------------------+--------------------------------------+--------------------------------------+-----------------------------+-----------------------------+----------------------------+----------------------------+-----------------------------+-----------------------------+--------------------+--------------------+-------------------------------------+-------------------------------------+----------------------------+----------------------------+---------------------------+---------------------------+
; LOAD_A        ; 2.5 V        ; 0 s                 ; 0 s                 ; 2.62 V                       ; 4.66e-08 V                   ; 2.72 V              ; -0.0215 V           ; 0.161 V                              ; 0.061 V                              ; 4.44e-10 s                  ; 4.06e-10 s                  ; No                         ; Yes                        ; 2.62 V                      ; 4.66e-08 V                  ; 2.72 V             ; -0.0215 V          ; 0.161 V                             ; 0.061 V                             ; 4.44e-10 s                 ; 4.06e-10 s                 ; No                        ; Yes                       ;
; FLAGS[3]      ; 2.5 V        ; 0 s                 ; 0 s                 ; 2.62 V                       ; 3.16e-08 V                   ; 2.71 V              ; -0.0171 V           ; 0.273 V                              ; 0.065 V                              ; 4.95e-10 s                  ; 5.37e-10 s                  ; No                         ; Yes                        ; 2.62 V                      ; 3.16e-08 V                  ; 2.71 V             ; -0.0171 V          ; 0.273 V                             ; 0.065 V                             ; 4.95e-10 s                 ; 5.37e-10 s                 ; No                        ; Yes                       ;
; FLAGS[2]      ; 2.5 V        ; 0 s                 ; 0 s                 ; 2.62 V                       ; 3.16e-08 V                   ; 2.71 V              ; -0.0171 V           ; 0.273 V                              ; 0.065 V                              ; 4.95e-10 s                  ; 5.37e-10 s                  ; No                         ; Yes                        ; 2.62 V                      ; 3.16e-08 V                  ; 2.71 V             ; -0.0171 V          ; 0.273 V                             ; 0.065 V                             ; 4.95e-10 s                 ; 5.37e-10 s                 ; No                        ; Yes                       ;
; FLAGS[1]      ; 2.5 V        ; 0 s                 ; 0 s                 ; 2.62 V                       ; 4.66e-08 V                   ; 2.72 V              ; -0.0215 V           ; 0.161 V                              ; 0.061 V                              ; 4.44e-10 s                  ; 4.06e-10 s                  ; No                         ; Yes                        ; 2.62 V                      ; 4.66e-08 V                  ; 2.72 V             ; -0.0215 V          ; 0.161 V                             ; 0.061 V                             ; 4.44e-10 s                 ; 4.06e-10 s                 ; No                        ; Yes                       ;
; FLAGS[0]      ; 2.5 V        ; 0 s                 ; 0 s                 ; 2.62 V                       ; 3.16e-08 V                   ; 2.71 V              ; -0.0171 V           ; 0.273 V                              ; 0.065 V                              ; 4.95e-10 s                  ; 5.37e-10 s                  ; No                         ; Yes                        ; 2.62 V                      ; 3.16e-08 V                  ; 2.71 V             ; -0.0171 V          ; 0.273 V                             ; 0.065 V                             ; 4.95e-10 s                 ; 5.37e-10 s                 ; No                        ; Yes                       ;
; S[3]          ; 2.5 V        ; 0 s                 ; 0 s                 ; 2.62 V                       ; 3.16e-08 V                   ; 2.71 V              ; -0.0171 V           ; 0.273 V                              ; 0.065 V                              ; 4.95e-10 s                  ; 5.37e-10 s                  ; No                         ; Yes                        ; 2.62 V                      ; 3.16e-08 V                  ; 2.71 V             ; -0.0171 V          ; 0.273 V                             ; 0.065 V                             ; 4.95e-10 s                 ; 5.37e-10 s                 ; No                        ; Yes                       ;
; S[2]          ; 2.5 V        ; 0 s                 ; 0 s                 ; 2.62 V                       ; 4.66e-08 V                   ; 2.72 V              ; -0.0215 V           ; 0.161 V                              ; 0.061 V                              ; 4.44e-10 s                  ; 4.06e-10 s                  ; No                         ; Yes                        ; 2.62 V                      ; 4.66e-08 V                  ; 2.72 V             ; -0.0215 V          ; 0.161 V                             ; 0.061 V                             ; 4.44e-10 s                 ; 4.06e-10 s                 ; No                        ; Yes                       ;
; S[1]          ; 2.5 V        ; 0 s                 ; 0 s                 ; 2.62 V                       ; 4.66e-08 V                   ; 2.65 V              ; -0.0115 V           ; 0.219 V                              ; 0.115 V                              ; 1.64e-09 s                  ; 1.57e-09 s                  ; No                         ; Yes                        ; 2.62 V                      ; 4.66e-08 V                  ; 2.65 V             ; -0.0115 V          ; 0.219 V                             ; 0.115 V                             ; 1.64e-09 s                 ; 1.57e-09 s                 ; No                        ; Yes                       ;
; S[0]          ; 2.5 V        ; 0 s                 ; 0 s                 ; 2.62 V                       ; 3.16e-08 V                   ; 2.71 V              ; -0.0171 V           ; 0.273 V                              ; 0.065 V                              ; 4.95e-10 s                  ; 5.37e-10 s                  ; No                         ; Yes                        ; 2.62 V                      ; 3.16e-08 V                  ; 2.71 V             ; -0.0171 V          ; 0.273 V                             ; 0.065 V                             ; 4.95e-10 s                 ; 5.37e-10 s                 ; No                        ; Yes                       ;
; ~ALTERA_NCEO~ ; 2.5 V        ; 0 s                 ; 0 s                 ; 2.62 V                       ; 3.06e-08 V                   ; 2.86 V              ; -0.0341 V           ; 0.364 V                              ; 0.046 V                              ; 1.17e-10 s                  ; 2.6e-10 s                   ; No                         ; Yes                        ; 2.62 V                      ; 3.06e-08 V                  ; 2.86 V             ; -0.0341 V          ; 0.364 V                             ; 0.046 V                             ; 1.17e-10 s                 ; 2.6e-10 s                  ; No                        ; Yes                       ;
; ~ALTERA_DCLK~ ; 2.5 V        ; 0 s                 ; 0 s                 ; 2.62 V                       ; 3.81e-08 V                   ; 2.72 V              ; -0.0542 V           ; 0.144 V                              ; 0.087 V                              ; 2.55e-10 s                  ; 2.14e-10 s                  ; Yes                        ; Yes                        ; 2.62 V                      ; 3.81e-08 V                  ; 2.72 V             ; -0.0542 V          ; 0.144 V                             ; 0.087 V                             ; 2.55e-10 s                 ; 2.14e-10 s                 ; Yes                       ; Yes                       ;
+---------------+--------------+---------------------+---------------------+------------------------------+------------------------------+---------------------+---------------------+--------------------------------------+--------------------------------------+-----------------------------+-----------------------------+----------------------------+----------------------------+-----------------------------+-----------------------------+--------------------+--------------------+-------------------------------------+-------------------------------------+----------------------------+----------------------------+---------------------------+---------------------------+


+-------------------------------------------------------------------+
; Setup Transfers                                                   ;
+------------+----------+----------+----------+----------+----------+
; From Clock ; To Clock ; RR Paths ; FR Paths ; RF Paths ; FF Paths ;
+------------+----------+----------+----------+----------+----------+
; clk        ; clk      ; 110      ; 0        ; 0        ; 0        ;
+------------+----------+----------+----------+----------+----------+
Entries labeled "false path" only account for clock-to-clock false paths and not path-based false paths. As a result, actual path counts may be lower than reported.


+-------------------------------------------------------------------+
; Hold Transfers                                                    ;
+------------+----------+----------+----------+----------+----------+
; From Clock ; To Clock ; RR Paths ; FR Paths ; RF Paths ; FF Paths ;
+------------+----------+----------+----------+----------+----------+
; clk        ; clk      ; 110      ; 0        ; 0        ; 0        ;
+------------+----------+----------+----------+----------+----------+
Entries labeled "false path" only account for clock-to-clock false paths and not path-based false paths. As a result, actual path counts may be lower than reported.


---------------
; Report TCCS ;
---------------
No dedicated SERDES Transmitter circuitry present in device or used in design


---------------
; Report RSKM ;
---------------
No non-DPA dedicated SERDES Receiver circuitry present in device or used in design


+------------------------------------------------+
; Unconstrained Paths                            ;
+---------------------------------+-------+------+
; Property                        ; Setup ; Hold ;
+---------------------------------+-------+------+
; Illegal Clocks                  ; 0     ; 0    ;
; Unconstrained Clocks            ; 0     ; 0    ;
; Unconstrained Input Ports       ; 13    ; 13   ;
; Unconstrained Input Port Paths  ; 44    ; 44   ;
; Unconstrained Output Ports      ; 9     ; 9    ;
; Unconstrained Output Port Paths ; 12    ; 12   ;
+---------------------------------+-------+------+


+------------------------------------+
; TimeQuest Timing Analyzer Messages ;
+------------------------------------+
Info: *******************************************************************
Info: Running Quartus II 64-Bit TimeQuest Timing Analyzer
    Info: Version 13.1.0 Build 162 10/23/2013 SJ Web Edition
    Info: Processing started: Tue Aug 04 16:13:39 2026
Info: Command: quartus_sta integrador -c integrador
Info: qsta_default_script.tcl version: #1
Warning (20028): Parallel compilation is not licensed and has been disabled
Info (21076): High junction temperature operating condition is not set. Assuming a default value of '85'.
Info (21076): Low junction temperature operating condition is not set. Assuming a default value of '0'.
Critical Warning (332012): Synopsys Design Constraints File file not found: 'integrador.sdc'. A Synopsys Design Constraints File is required by the TimeQuest Timing Analyzer to get proper timing constraints. Without it, the Compiler will not properly optimize the design.
Info (332142): No user constrained base clocks found in the design. Calling "derive_clocks -period 1.0"
Info (332105): Deriving Clocks
    Info (332105): create_clock -period 1.000 -name clk clk
Info (332143): No user constrained clock uncertainty found in the design. Calling "derive_clock_uncertainty"
Info (332123): Deriving Clock Uncertainty. Please refer to report_sdc in TimeQuest to see clock uncertainties.
Info: Found TIMEQUEST_REPORT_SCRIPT_INCLUDE_DEFAULT_ANALYSIS = ON
Info: Analyzing Slow 1200mV 85C Model
Critical Warning (332148): Timing requirements not met
    Info (11105): For recommendations on closing timing, run Report Timing Closure Recommendations in the TimeQuest Timing Analyzer.
Info (332146): Worst-case setup slack is -1.631
    Info (332119):     Slack       End Point TNS Clock 
    Info (332119): ========= =================== =====================
    Info (332119):    -1.631             -10.001 clk 
Info (332146): Worst-case hold slack is 0.600
    Info (332119):     Slack       End Point TNS Clock 
    Info (332119): ========= =================== =====================
    Info (332119):     0.600               0.000 clk 
Info (332140): No Recovery paths to report
Info (332140): No Removal paths to report
Info (332146): Worst-case minimum pulse width slack is -3.000
    Info (332119):     Slack       End Point TNS Clock 
    Info (332119): ========= =================== =====================
    Info (332119):    -3.000             -15.000 clk 
Info: Analyzing Slow 1200mV 0C Model
Info (334003): Started post-fitting delay annotation
Info (334004): Delay annotation completed successfully
Info (332123): Deriving Clock Uncertainty. Please refer to report_sdc in TimeQuest to see clock uncertainties.
Critical Warning (332148): Timing requirements not met
    Info (11105): For recommendations on closing timing, run Report Timing Closure Recommendations in the TimeQuest Timing Analyzer.
Info (332146): Worst-case setup slack is -1.377
    Info (332119):     Slack       End Point TNS Clock 
    Info (332119): ========= =================== =====================
    Info (332119):    -1.377              -8.141 clk 
Info (332146): Worst-case hold slack is 0.547
    Info (332119):     Slack       End Point TNS Clock 
    Info (332119): ========= =================== =====================
    Info (332119):     0.547               0.000 clk 
Info (332140): No Recovery paths to report
Info (332140): No Removal paths to report
Info (332146): Worst-case minimum pulse width slack is -3.000
    Info (332119):     Slack       End Point TNS Clock 
    Info (332119): ========= =================== =====================
    Info (332119):    -3.000             -15.000 clk 
Info: Analyzing Fast 1200mV 0C Model
Info (332123): Deriving Clock Uncertainty. Please refer to report_sdc in TimeQuest to see clock uncertainties.
Critical Warning (332148): Timing requirements not met
    Info (11105): For recommendations on closing timing, run Report Timing Closure Recommendations in the TimeQuest Timing Analyzer.
Info (332146): Worst-case setup slack is -0.479
    Info (332119):     Slack       End Point TNS Clock 
    Info (332119): ========= =================== =====================
    Info (332119):    -0.479              -2.109 clk 
Info (332146): Worst-case hold slack is 0.305
    Info (332119):     Slack       End Point TNS Clock 
    Info (332119): ========= =================== =====================
    Info (332119):     0.305               0.000 clk 
Info (332140): No Recovery paths to report
Info (332140): No Removal paths to report
Info (332146): Worst-case minimum pulse width slack is -3.000
    Info (332119):     Slack       End Point TNS Clock 
    Info (332119): ========= =================== =====================
    Info (332119):    -3.000             -15.436 clk 
Info (332102): Design is not fully constrained for setup requirements
Info (332102): Design is not fully constrained for hold requirements
Info: Quartus II 64-Bit TimeQuest Timing Analyzer was successful. 0 errors, 5 warnings
    Info: Peak virtual memory: 4644 megabytes
    Info: Processing ended: Tue Aug 04 16:13:40 2026
    Info: Elapsed time: 00:00:01
    Info: Total CPU time (on all processors): 00:00:01


